Workbook

Sheet AFIRMACIONES
A1: ENEAGRAMA: Mapa de autoidentificación personal. | HO1: =(+C3-C5)/365.25 -> 0
A2: POR FAVOR COMPLETA LOS SIGUIENTES DATOS PERSONALES
A3: Fecha: | F3: Por favor poner en números: día (dos cifras) / mes (dos cifras) / año (cuatro cifras)
A4: Nombre:
A5: Fecha de Nacimiento: | F5: Por favor poner en números: día (dos cifras) / mes (dos cifras) / año (cuatro cifras)
A6: Edad: | D6: Años
A7: Sexo: | E7: Por favor escribir según corresponda: FEMENINO / MASCULINO
A8: Estado Civil: | E8: Por favor escribir según corresponda: SOLTERO / CASADO / EN PAREJA / DE NOVIO / VIUDO / DIVORCIADO
A9: Ocupación o Profesión:
A10: Signo del zodíaco | D10: Aries | E10: Si tu signo del zodíaco es ARIES (21/03 al 20/04) , coloca un 1 en el casillero blanco de la izquierda | N10: =+C10 -> 0 | O10: 1
D11: Leo | E11: Si tu signo del zodíaco es LEO (24/07 al 23/08), coloca un 1 en el casillero blanco de la izquierda | N11: =+C11 -> 0 | O11: 8
D12: Sagitario | E12: Si tu signo del zodíaco es SAGITARIO (23/11 al 21/12), coloca un 1 en el casillero blanco de la izquierda | N12: =+C12 -> 0 | O12: 7
D13: Tauro | E13: Si tu signo del zodíaco es TAURO (21/04 al 20/05), coloca un 1 en el casillero blanco de la izquierda | N13: =+C13 -> 0 | O13: 3
D14: Virgo | E14: Si tu signo del zodíaco es VIRGO (24/08 al 23/09), coloca un 1 en el casillero blanco de la izquierda | N14: =+C14 -> 0 | O14: 1
D15: Capricornio | E15: Si tu signo del zodíaco es CAPRICORNIO (22/12 al 20/01), coloca un 1 en el casillero blanco de la izquierda | N15: =+C15 -> 0 | O15: 6
D16: Géminis | E16: Si tu signo del zodíaco es GEMINIS (21/05 al 21/06), coloca un 1 en el casillero blanco de la izquierda | N16: =+C16 -> 0 | O16: 5
D17: Libra | E17: Si tu signo del zodíaco es LIBRA (24/09 al 22/10), coloca un 1 en el casillero blanco de la izquierda | N17: =+C17 -> 0 | O17: 4
D18: Acuario | E18: Si tu signo del zodíaco es ACUARIO (21/01 al 19/02), coloca un 1 en el casillero blanco de la izquierda | N18: =+C18 -> 0 | O18: 4
D19: Cáncer | E19: Si tu signo del zodíaco es CÁNCER (22/06 al 23/07), coloca un 1 en el casillero blanco de la izquierda | N19: =+C19 -> 0 | O19: 2
D20: Escorpio | E20: Si tu signo del zodíaco es ESCORPIO (23/10 al 22/11), coloca un 1 en el casillero blanco de la izquierda | N20: =+C20 -> 0 | O20: 8
D21: Piscis | E21: Si tu signo del zodíaco es PISCIS ( 20/02 al 20/03), coloca un 1 en el casillero blanco de la izquierda | N21: =+C21 -> 0 | O21: 9
A22: MUY IMPORTANTE: Leer bien las consignas ANTES DE INICIAR EL TRABAJO:
A23: CONSIGNA 1:
A24: A continuación encontrarás una serie de afirmaciones, si te identificas con la afirmación debes escribir el N° "1" en el recuadro en blanco a la
A25: izquierda de la misma; si no te identificas con la afirmación debes dejar el recuadro en blanco.
A26: Es muy importante que respondas este cuestionario pensando en cómo realmente eres o sientes, no cómo te gustaría sentir o ser.
A27: Debes completarlo de una sola vez, sin detenerte mucho en cada afirmación y sin revisar las respuestas, es decir, tratando de responder en
A28: forma espontánea. Si dudas, puedes responder en base a cómo hubieras respondido tiempo atrás, por ejemplo cuando eras adolescente;
A29: si continua la duda, déjalo en blanco.
A30: 1 | C30: Protejo a quienes se encuentran bajo mi autoridad. | N30: 8
A31: 2 | C31: Me cuesta convencerme de que aquello que compré fue una buena decisión. | N31: 6
A32: 3 | C32: No hay nada tan urgente que no pueda esperar hasta mañana. | N32: 9
A33: 4 | C33: Siento que soy una persona apreciada por los demás a través de mis logros. | N33: 3
A34: 5 | C34: Me duele mucho cuando mis amistades se reúnen y no me participan. | N34: 2
A35: 6 | C35: El dinero es secundario, sólo sirve para atender las necesidades. | N35: 5
A36: 7 | C36: Suelen acusarme de ser una persona indisciplinada, dispersa, inquieta, superficial. | N36: 7
A37: 8 | C37: Me considero una persona sensible, auténtica, especial y profunda. | N37: 4
A38: 9 | C38: A menudo un defecto final arruina el conjunto. | N38: 1
A39: 10 | C39: Puedo arbitrar desapasionadamente, porque para mí las dos partes son iguales. | N39: 9
A40: 11 | C40: Es frecuente que otras personas carezcan de capacidad para comprender mis sentimientos. | N40: 4
A41: 12 | C41: Me gusta la buena compañía, el afecto, la independencia y las conversaciones estimulantes y graciosas. | N41: 7
... A299: 270 | C299: A menudo hay personas que se me acercan pidiéndome que las conforte y las aconseje. | N299: 2
B300: =SUM(B30:B299) -> 0
A301: CONSIGNA 2:
A302: A continuación encontrarás 9 afirmaciones de las cuales debes seleccionar las tres con las que más te identifiques y ordenarlas en los
A303: recuadros del costado izquierdo de las mismas con los números 1, 2 y 3 por el orden de importancia que tienen para vos. (Deben quedar tres
A304: celdas ocupadas con los números 1, 2 y 3, y seis celdas vacías).
C305: Evito el conflicto, porque trato de comprender y mediar en cualquier situación. | N305: 9
C306: Evito la cólera y el enojo, porque no es correcto irritarse. | N306: 1
C307: Evito la mediocridad, porque no quiero ser uno más. | N307: 4
C308: Evito reconocer y atender mis propias necesidades, priorizando las necesidades de los otros. | N308: 2
C309: Evito cualquier tipo de irresponsabilidad. | N309: 6
C310: Evito la debilidad, porque no hay nada imposible para mí. | N310: 8
C311: Evito la confusión, porque necesito tener las ideas claras. | N311: 5
C312: Evito el dolor, porque siempre veo lo positivo de la vida. | N312: 7
C313: Evito el fracaso a toda costa, porque creo que siempre se puede hacer algo más. | N313: 3
A315: CONSIGNA 3:
A316: Por último, a continuación encontrarás algunos verbos, marca en el recuadro con 1 el verbo con el que más te identificas, y con 2 el verbo con
A317: el que menos te identificas. (Deben quedar dos celdas ocupadas con 1 y 2 y siete celdas vacías).
C318: Realizar | N318: 3
C319: Alegrar | N319: 7
C320: Observar | N320: 5
C321: Liderar | N321: 8
C322: Cooperar | N322: 6
C323: Ayudar | N323: 2
C324: Crear | N324: 4
C325: Organizar | N325: 1
C326: Serenar | N326: 9
A328: Terminado el trabajo, en la Hoja ENEAGRAMA que aparece al pie encontrarás tu Eneagrama.
A329: Por favor imprime la hoja de ENEAGRAMA para trabajar en su lectura.
A330: Si tienes un Eneagrama anterior y deseas compararlo con el que acabas de responder, en la hoja ANTERIOR que aparece al pie
A331: podrás volcar los datos correspondientes para que la planilla haga los mismos cálculos de la PLANILLA PARA EL FORMADOR.

Sheet ENEAGRAMA
B1: Respuesta | C1: Tipología | D1: TIPOLOGIAS | M1: Respuesta | N1: Tipología | O1: TIPOLOGIAS | X1: Respuesta | Y1: Tipología | Z1: TIPOLOGIAS | AN1: CICLO | AO1: ETAPA | AP1: MIEDO | AR1: ACTITUD | AT1: ELEMENTO | AV1: NIVEL CONCIENTE | AX1: SENTIDO
D2: 1 | E2: 2 | F2: 3 | G2: 4 | H2: 5 | I2: 6 | J2: 7 | K2: 8 | L2: 9 | O2: 1 | P2: 2 | Q2: 3 | R2: 4 | S2: 5 | T2: 6 | U2: 7 | V2: 8 | W2: 9 | Z2: 1 | AA2: 2 | AB2: 3 | AC2: 4 | AD2: 5 | AE2: 6 | AF2: 7 | AG2: 8 | AH2: 9 | AJ2: =+IF(AND(AFIRMACIONES!$C$6>=AL2,AFIRMACIONES!$C$6<=AM2),1,0) -> 0 | AK2: 1 | AL2: 1 | AM2: 6 | AN2: Afirmación | AO2: De O a 7 Años | AP2: A la DISTANCIA, al abandono. Lo agrava la muerte de un ser querido o una mascota o la separación de los padres. | AR2: PRESENCIA, estar presente con el corazón. Presencia cualitativa y cuantitativa. Acompañarlo. Necesita la figura materna y paterna. | AT2: El AGUA, disuelve el miedo. Recuerda al líquido amniótico. Es sanante. | AV2: YO. Afianzar el yo personal. Poner límites claros y precisos sin mayores explicaciones. Sólo en esta etapa funciona el "premio - castigo". | AX2: GUSTO. Es importante variar su alimentación para que sepa que existe lo dulce, lo salado y lo amargo. Aprende que no todo lo que le gusta es nutritivo.
B3: 1 | C3: 8 | K3: =+AFIRMACIONES!B30 -> 0 | M3: 100 | N3: 5 | S3: =+AFIRMACIONES!B129 -> 0 | X3: 199 | Y3: 7 | AF3: =+AFIRMACIONES!B228 -> 0 | AJ3: =+IF(AND(AFIRMACIONES!$C$6>=AL3,AFIRMACIONES!$C$6<=AM3),1,0) -> 0 | AK3: 2 | AL3: 7 | AM3: 13 | AN3: Afirmación | AO3: De 7 a 14 Años | AP3: A la CERCANÍA, a LOS OTROS, a que nadie lo quiera, no agradarle al otro, al rechazo o a que le hagan mal. | AR3: AUTONOMÍA, ayudarlo a que enfrente las situaciones por sí mismo y decidan. Estar cerca y acompañarlo. Darle explicaciones. "La norma se apoya en un valor" | AT3: El FUEGO. Inconscientemente el jugar con fuego ayuda a disolver el miedo (campamentos fogones) | AV3: SOCIAL. Dignidad: Palabra sagrada. Evitar la burla. Nace la verdadera solidaridad que disuelve el miedo al otro. Enseñarle a valorarse y el valor del otro. | AX3: VISTA. Enseñar a ver más allá, a través de un microscopio, un telescopio o acostarse en el pasto y mirar el cielo. Ver juntos videos o películas y comentarlas.
B4: 2 | C4: 6 | I4: =+AFIRMACIONES!B31 -> 0 | M4: 101 | N4: 7 | U4: =+AFIRMACIONES!B130 -> 0 | X4: 200 | Y4: 3 | AB4: =+AFIRMACIONES!B229 -> 0 | AJ4: =+IF(AND(AFIRMACIONES!$C$6>=AL4,AFIRMACIONES!$C$6<=AM4),1,0) -> 0 | AK4: 3 | AL4: 14 | AM4: 20 | AN4: Afirmación | AO4: De 14 a 21 Años | AP4: Al CAMBIO. Todo cambia en la vida. Se constituye como persona. Necesita tomar distancia. Se produce el proceso hormonal de la adolescencia. | AR4: SEGURIDAD. Dejarlo actuar, pero estar cuando lo necesite. Ser un referente o "faro". Que sepa que "puede contar con uno". Mostrarle coherencia y consistencia. | AT4: El AIRE. Incentivar la vida al aire libre. Trabajar la respiración. Ir de campamento, correr, andar en bicicleta. | AV4: EXISTENCIAL. Etapa de preguntas sobre la vida y la muerte, aprender a ser crítico, a cuestionarse. Flexibilizar las normas y mantener firmes los valores. | AX4: TACTO. La música y el arte lo preparan para el amor. Hacer trabajos manuales, artesanías, sentir las cosas para lograr sensibilidad. Tocar un instrumento
B5: 3 | C5: 9 | L5: =+AFIRMACIONES!B32 -> 0 | M5: 102 | N5: 6 | T5: =+AFIRMACIONES!B131 -> 0 | X5: 201 | Y5: 4 | AC5: =+AFIRMACIONES!B230 -> 0 | AJ5: =+IF(AND(AFIRMACIONES!$C$6>=AL5,AFIRMACIONES!$C$6<=AM5),1,0) -> 0 | AK5: 4 | AL5: 21 | AM5: 27 | AN5: Afirmación | AO5: De 21 a 28 Años | AP5: A la CONTINUIDAD, a perder la libertad, a la rutina. Le cuesta asumir compromisos. La rutina está dentro de cada uno. | AR5: CREATIVIDAD. Lograr una actitud distinta hacia lo cotidiano, que sea placentero. Hacer extraordinario lo ordinario de cada día | AT5: La TIERRA enseña que no todo en la vida es invierno o verano, también existe la primavera y el otoño, la rutina no existe, son ciclos naturales. | AV5: TRANSPERSONAL. Etapa de los ¿para qué?. Encontrar el verdadero sentido de la vida. Buscar la misión de vida. ¿Para qué estoy? ¿A dónde voy? | AX5: OLFATO. Relacionado con la glándula pineal. Tiene que ver con el sentido común. Actualmente es el sentido menos desarrollado.
B6: 4 | C6: 3 | F6: =+AFIRMACIONES!B33 -> 0 | M6: 103 | N6: 3 | Q6: =+AFIRMACIONES!B132 -> 0 | X6: 202 | Y6: 9 | AH6: =+AFIRMACIONES!B231 -> 0 | AJ6: =+IF(AND(AFIRMACIONES!$C$6>=AL6,AFIRMACIONES!$C$6<=AM6),1,0) -> 0 | AK6: 5 | AL6: 28 | AM6: 41 | AN6: Afirmación | AO6: De 28 a 35 y de 35 a 42 Años | AP6: A PERDER la figura, la pareja, la virilidad, el dinero, la vida, lo que me gusta hacer. Miedo a perder el tiempo y la juventud. | AR6: SER. El tener compulsivamente disminuye solo momentáneamente el miedo a perder. Poner tiempo y energía para el ser, crecimiento interior. | AT6: La LUZ. Contacto con el sol para aprender a sentir la luz. Tiempo para tener claridad, para la soledad, no aislamiento, sino encontrarse con sí mismo. | AV6: UNIDAD. Conciencia comunitaria. Pensar en plural: "no soy, somos", "no es mío, es nuestro". Estar en armonía y agradecer y sonreír a la vida. | AX6: OÍDO. Escuchar el doble de lo que se habla. Aprender a escuchar y a escucharse. Prestar atención a lo sagrado en uno. Estar a la escucha.
B7: 5 | C7: 2 | E7: =+AFIRMACIONES!B34 -> 0 | M7: 104 | N7: 4 | R7: =+AFIRMACIONES!B133 -> 0 | X7: 203 | Y7: 2 | AA7: =+AFIRMACIONES!B232 -> 0 | AJ7: =+IF(AND(AFIRMACIONES!$C$6>=AL7,AFIRMACIONES!$C$6<=AM7),1,0) -> 0 | AK7: 6 | AL7: 42 | AM7: 48 | AN7: Transformación | AO7: De 42 a 49 Años | AP7: A la CONTINUIDAD, a la rutina. TENER: Aferrarse a los bienes y sólo tomarse recreos placenteros. Es necesario consolidar el SER. | AR7: CREATIVIDAD. Lograr una actitud distinta hacia lo cotidiano, hacer extraordinario lo ordinario. SER: Expansión de la persona | AT7: La TIERRA: energía de vida y de creación. Tomar contacto con la tierra, caminar, atender el jardín, regar. | AV7: TRANSPERSONAL. No encerrarse en la preocupaciones inmediatas. Focalizarse en el Ideal de Vida | AX7: OLFATO. Actuar con sentido común. Desarrolla el hemisferio derecho del cerebro. Disfrutar las esencias y sabiduría oculta en los aromas.
B8: 6 | C8: 5 | H8: =+AFIRMACIONES!B35 -> 0 | M8: 105 | N8: 2 | P8: =+AFIRMACIONES!B134 -> 0 | X8: 204 | Y8: 1 | Z8: =+AFIRMACIONES!B233 -> 0 | AJ8: =+IF(AND(AFIRMACIONES!$C$6>=AL8,AFIRMACIONES!$C$6<=AM8),1,0) -> 0 | AK8: 7 | AL8: 49 | AM8: 55 | AN8: Transformación | AO8: De 49 a 56 Años | AP8: Al CAMBIO, temor por los cambios físicos que comienzan: andropausia, menopausia. Nido vacío lleva al reencuentro de la pareja. La experiencia ayuda a ser guías. | AR8: SEGURIDAD, el tener da seguridad afuera: en lo material, el éxito; acción dirigida al trabajo para llenar vacíos. Pero el SER da seguridad en la plenitud personal. Amistad. | AT8: El AIRE, incentivar la vida al aire libre. Vivir sin fronteras, liberarse de las emociones. | AV8: EXISTENCIAL. El tener lleva a caer en la crítica, el pesimismo. El SER implica momento de cambios auténticos. Persona positiva que colabora y participa por el bien. | AX8: TACTO. Momento de sacar a la luz hobbies latentes. Masajes. Abrazos. Redescubrir el amor en la pareja.
B9: 7 | C9: 7 | J9: =+AFIRMACIONES!B36 -> 0 | M9: 106 | N9: 1 | O9: =+AFIRMACIONES!B135 -> 0 | X9: 205 | Y9: 8 | AG9: =+AFIRMACIONES!B234 -> 0 | AJ9: =+IF(AND(AFIRMACIONES!$C$6>=AL9,AFIRMACIONES!$C$6<=AM9),1,0) -> 0 | AK9: 8 | AL9: 56 | AM9: 62 | AN9: Transformación | AO9: De 56 a 63 Años | AP9: A la CERCANÍA A LOS OTROS, a robos, a sufrir violencia. Lleva a la persona a encerrase, no salir. Miedo a lo que puede pasar a los hijos y nietos. | AR9: AUTONOMÍA. No dejar de tomar recaudos, pero abrirse a la vida. Participar del "bien común" | AT9: El FUEGO le aporta vitalidad renovadora. El asado, lo culinario, cocinar para los demás con amor. | AV9: SOCIAL. Servicio social a través de lo experimentado. Solidaridad y participación. No caer en la amargura y la desesperanza | AX9: VISTA. Ejercitar la capacidad de asombro. Aprender cosas nuevas. Ser visionarios.
B10: 8 | C10: 4 | G10: =+AFIRMACIONES!B37 -> 0 | M10: 107 | N10: 8 | V10: =+AFIRMACIONES!B136 -> 0 | X10: 206 | Y10: 6 | AE10: =+AFIRMACIONES!B235 -> 0 | AJ10: =+IF(AND(AFIRMACIONES!$C$6>=AL10,AFIRMACIONES!$C$6<=AM10),1,0) -> 0 | AK10: 9 | AL10: 63 | AM10: 69 | AN10: Transformación | AO10: De 63 a 70 Años | AP10: A la DISTANCIA, a sentirse inútil, sensación de abandono. Reclama presencia, tiempo y energía. | AR10: PRESENCIA. Acompañamiento, presencia y servicio no invasivos, no tóxicos. Sabiduría en límites sanos. | AT10: El AGUA disuelve el miedo. Es sanante. Alarma de problemas psicológicos si hay rechazo a la higiene. | AV10: YO. Si se afirma el ego = Tóxico, si se afirma la conciencia = Sabio. Autoestima sana. | AX10: GUSTO. Saborear = sabiduría. Cuidarse y comer bien. En sombra hipocondríacos.
B11: 9 | C11: 1 | D11: =+AFIRMACIONES!B38 -> 0 | M11: 108 | N11: 9 | W11: =+AFIRMACIONES!B137 -> 0 | X11: 207 | Y11: 5 | AD11: =+AFIRMACIONES!B236 -> 0 | AJ11: =+IF(AND(AFIRMACIONES!$C$6>=AL11,AFIRMACIONES!$C$6<=AM11),1,0) -> 0 | AK11: 10 | AL11: 70 | AM11: 90 | AN11: Transformación | AO11: De 70 en adelante | AP11: A PERDER, a la muerte. La muerte como final o como paso a la trascendencia. | AR11: SER. Momento de confirmar las decisiones fundamentales de la vida. Durar o madurar. Servir. | AT11: La LUZ, tomar contacto con el sol. Los ojos son las ventanas del alma. Ser faros que iluminan. (una cosa es querer brillar y otra ser luz). | AV11: UNIDAD. La casa de los abuelos es el corazón de la familia. Tener gratitud y alegría. | AX11: OÍDO. Ser expertos en el arte de escuchar. En la sombra hablar de sí, criticar y dar consejos que no le piden.
B12: 10 | C12: 9 | L12: =+AFIRMACIONES!B39 -> 0 | M12: 109 | N12: 2 | P12: =+AFIRMACIONES!B138 -> 0 | X12: 208 | Y12: 5 | AD12: =+AFIRMACIONES!B237 -> 0
B13: 11 | C13: 4 | G13: =+AFIRMACIONES!B40 -> 0 | M13: 110 | N13: 7 | U13: =+AFIRMACIONES!B139 -> 0 | X13: 209 | Y13: 2 | AA13: =+AFIRMACIONES!B238 -> 0
B14: 12 | C14: 7 | J14: =+AFIRMACIONES!B41 -> 0 | M14: 111 | N14: 8 | V14: =+AFIRMACIONES!B140 -> 0 | X14: 210 | Y14: 3 | AB14: =+AFIRMACIONES!B239 -> 0
B15: 13 | C15: 8 | K15: =+AFIRMACIONES!B42 -> 0 | M15: 112 | N15: 5 | S15: =+AFIRMACIONES!B141 -> 0 | X15: 211 | Y15: 1 | Z15: =+AFIRMACIONES!B240 -> 0
B16: 14 | C16: 3 | F16: =+AFIRMACIONES!B43 -> 0 | M16: 113 | N16: 3 | Q16: =+AFIRMACIONES!B142 -> 0 | X16: 212 | Y16: 6 | AE16: =+AFIRMACIONES!B241 -> 0
B17: 15 | C17: 1 | D17: =+AFIRMACIONES!B44 -> 0 | M17: 114 | N17: 4 | R17: =+AFIRMACIONES!B143 -> 0 | X17: 213 | Y17: 9 | AH17: =+AFIRMACIONES!B242 -> 0
B18: 16 | C18: 6 | I18: =+AFIRMACIONES!B45 -> 0 | M18: 115 | N18: 6 | T18: =+AFIRMACIONES!B144 -> 0 | X18: 214 | Y18: 4 | AC18: =+AFIRMACIONES!B243 -> 0
B19: 17 | C19: 2 | E19: =+AFIRMACIONES!B46 -> 0 | M19: 116 | N19: 1 | O19: =+AFIRMACIONES!B145 -> 0 | X19: 215 | Y19: 8 | AG19: =+AFIRMACIONES!B244 -> 0
B20: 18 | C20: 5 | H20: =+AFIRMACIONES!B47 -> 0 | M20: 117 | N20: 9 | W20: =+AFIRMACIONES!B146 -> 0 | X20: 216 | Y20: 7 | AF20: =+AFIRMACIONES!B245 -> 0
B21: 19 | C21: 8 | K21: =+AFIRMACIONES!B48 -> 0 | M21: 118 | N21: 3 | Q21: =+AFIRMACIONES!B147 -> 0 | X21: 217 | Y21: 3 | AB21: =+AFIRMACIONES!B246 -> 0
B22: 20 | C22: 5 | H22: =+AFIRMACIONES!B49 -> 0 | M22: 119 | N22: 7 | U22: =+AFIRMACIONES!B148 -> 0 | X22: 218 | Y22: 4 | AC22: =+AFIRMACIONES!B247 -> 0
B23: 21 | C23: 2 | E23: =+AFIRMACIONES!B50 -> 0 | M23: 120 | N23: 1 | O23: =+AFIRMACIONES!B149 -> 0 | X23: 219 | Y23: 7 | AF23: =+AFIRMACIONES!B248 -> 0
B24: 22 | C24: 4 | G24: =+AFIRMACIONES!B51 -> 0 | M24: 121 | N24: 5 | S24: =+AFIRMACIONES!B150 -> 0 | X24: 220 | Y24: 9 | AH24: =+AFIRMACIONES!B249 -> 0
B25: 23 | C25: 7 | J25: =+AFIRMACIONES!B52 -> 0 | M25: 122 | N25: 2 | P25: =+AFIRMACIONES!B151 -> 0 | X25: 221 | Y25: 8 | AG25: =+AFIRMACIONES!B250 -> 0
B26: 24 | C26: 1 | D26: =+AFIRMACIONES!B53 -> 0 | M26: 123 | N26: 4 | R26: =+AFIRMACIONES!B152 -> 0 | X26: 222 | Y26: 5 | AD26: =+AFIRMACIONES!B251 -> 0
B27: 25 | C27: 9 | L27: =+AFIRMACIONES!B54 -> 0 | M27: 124 | N27: 8 | V27: =+AFIRMACIONES!B153 -> 0 | X27: 223 | Y27: 1 | Z27: =+AFIRMACIONES!B252 -> 0
B28: 26 | C28: 3 | F28: =+AFIRMACIONES!B55 -> 0 | M28: 125 | N28: 9 | W28: =+AFIRMACIONES!B154 -> 0 | X28: 224 | Y28: 2 | AA28: =+AFIRMACIONES!B253 -> 0
B29: 27 | C29: 6 | I29: =+AFIRMACIONES!B56 -> 0 | M29: 126 | N29: 6 | T29: =+AFIRMACIONES!B155 -> 0 | X29: 225 | Y29: 6 | AE29: =+AFIRMACIONES!B254 -> 0
B30: 28 | C30: 2 | E30: =+AFIRMACIONES!B57 -> 0 | M30: 127 | N30: 6 | T30: =+AFIRMACIONES!B156 -> 0 | X30: 226 | Y30: 1 | Z30: =+AFIRMACIONES!B255 -> 0
B31: 29 | C31: 3 | F31: =+AFIRMACIONES!B58 -> 0 | M31: 128 | N31: 1 | O31: =+AFIRMACIONES!B157 -> 0 | X31: 227 | Y31: 2 | AA31: =+AFIRMACIONES!B256 -> 0
B32: 30 | C32: 8 | K32: =+AFIRMACIONES!B59 -> 0 | M32: 129 | N32: 2 | P32: =+AFIRMACIONES!B158 -> 0 | X32: 228 | Y32: 5 | AD32: =+AFIRMACIONES!B257 -> 0
B33: 31 | C33: 5 | H33: =+AFIRMACIONES!B60 -> 0 | M33: 130 | N33: 8 | V33: =+AFIRMACIONES!B159 -> 0 | X33: 229 | Y33: 6 | AE33: =+AFIRMACIONES!B258 -> 0
B34: 32 | C34: 1 | D34: =+AFIRMACIONES!B61 -> 0 | M34: 131 | N34: 3 | Q34: =+AFIRMACIONES!B160 -> 0 | X34: 230 | Y34: 8 | AG34: =+AFIRMACIONES!B259 -> 0
B35: 33 | C35: 6 | I35: =+AFIRMACIONES!B62 -> 0 | M35: 132 | N35: 7 | U35: =+AFIRMACIONES!B161 -> 0 | X35: 231 | Y35: 9 | AH35: =+AFIRMACIONES!B260 -> 0
B36: 34 | C36: 9 | L36: =+AFIRMACIONES!B63 -> 0 | M36: 133 | N36: 5 | S36: =+AFIRMACIONES!B162 -> 0 | X36: 232 | Y36: 4 | AC36: =+AFIRMACIONES!B261 -> 0
B37: 35 | C37: 4 | G37: =+AFIRMACIONES!B64 -> 0 | M37: 134 | N37: 4 | R37: =+AFIRMACIONES!B163 -> 0 | X37: 233 | Y37: 7 | AF37: =+AFIRMACIONES!B262 -> 0
B38: 36 | C38: 7 | J38: =+AFIRMACIONES!B65 -> 0 | M38: 135 | N38: 9 | W38: =+AFIRMACIONES!B164 -> 0 | X38: 234 | Y38: 3 | AB38: =+AFIRMACIONES!B263 -> 0
B39: 37 | C39: 4 | G39: =+AFIRMACIONES!B66 -> 0 | M39: 136 | N39: 9 | W39: =+AFIRMACIONES!B165 -> 0 | X39: 235 | Y39: 8 | AG39: =+AFIRMACIONES!B264 -> 0
B40: 38 | C40: 5 | H40: =+AFIRMACIONES!B67 -> 0 | M40: 137 | N40: 6 | T40: =+AFIRMACIONES!B166 -> 0 | X40: 236 | Y40: 9 | AH40: =+AFIRMACIONES!B265 -> 0
B41: 39 | C41: 1 | D41: =+AFIRMACIONES!B68 -> 0 | M41: 138 | N41: 7 | U41: =+AFIRMACIONES!B167 -> 0 | X41: 237 | Y41: 4 | AC41: =+AFIRMACIONES!B266 -> 0
B42: 40 | C42: 2 | E42: =+AFIRMACIONES!B69 -> 0 | M42: 139 | N42: 5 | S42: =+AFIRMACIONES!B168 -> 0 | X42: 238 | Y42: 5 | AD42: =+AFIRMACIONES!B267 -> 0
B43: 41 | C43: 8 | K43: =+AFIRMACIONES!B70 -> 0 | M43: 140 | N43: 4 | R43: =+AFIRMACIONES!B169 -> 0 | X43: 239 | Y43: 6 | AE43: =+AFIRMACIONES!B268 -> 0
B44: 42 | C44: 7 | J44: =+AFIRMACIONES!B71 -> 0 | M44: 141 | N44: 3 | Q44: =+AFIRMACIONES!B170 -> 0 | X44: 240 | Y44: 1 | Z44: =+AFIRMACIONES!B269 -> 0
B45: 43 | C45: 9 | L45: =+AFIRMACIONES!B72 -> 0 | M45: 142 | N45: 2 | P45: =+AFIRMACIONES!B171 -> 0 | X45: 241 | Y45: 7 | AF45: =+AFIRMACIONES!B270 -> 0
B46: 44 | C46: 3 | F46: =+AFIRMACIONES!B73 -> 0 | M46: 143 | N46: 8 | V46: =+AFIRMACIONES!B172 -> 0 | X46: 242 | Y46: 2 | AA46: =+AFIRMACIONES!B271 -> 0
B47: 45 | C47: 6 | I47: =+AFIRMACIONES!B74 -> 0 | M47: 144 | N47: 1 | O47: =+AFIRMACIONES!B173 -> 0 | X47: 243 | Y47: 3 | AB47: =+AFIRMACIONES!B272 -> 0
B48: 46 | C48: 2 | E48: =+AFIRMACIONES!B75 -> 0 | M48: 145 | N48: 6 | T48: =+AFIRMACIONES!B174 -> 0 | X48: 244 | Y48: 3 | AB48: =+AFIRMACIONES!B273 -> 0
B49: 47 | C49: 5 | H49: =+AFIRMACIONES!B76 -> 0 | M49: 146 | N49: 4 | R49: =+AFIRMACIONES!B175 -> 0 | X49: 245 | Y49: 1 | Z49: =+AFIRMACIONES!B274 -> 0
B50: 48 | C50: 9 | L50: =+AFIRMACIONES!B77 -> 0 | M50: 147 | N50: 9 | W50: =+AFIRMACIONES!B176 -> 0 | X50: 246 | Y50: 8 | AG50: =+AFIRMACIONES!B275 -> 0
B51: 49 | C51: 8 | K51: =+AFIRMACIONES!B78 -> 0 | M51: 148 | N51: 7 | U51: =+AFIRMACIONES!B177 -> 0 | X51: 247 | Y51: 5 | AD51: =+AFIRMACIONES!B276 -> 0
B52: 50 | C52: 3 | F52: =+AFIRMACIONES!B79 -> 0 | M52: 149 | N52: 2 | P52: =+AFIRMACIONES!B178 -> 0 | X52: 248 | Y52: 9 | AH52: =+AFIRMACIONES!B277 -> 0
B53: 51 | C53: 4 | G53: =+AFIRMACIONES!B80 -> 0 | M53: 150 | N53: 5 | S53: =+AFIRMACIONES!B179 -> 0 | X53: 249 | Y53: 6 | AE53: =+AFIRMACIONES!B278 -> 0
B54: 52 | C54: 7 | J54: =+AFIRMACIONES!B81 -> 0 | M54: 151 | N54: 3 | Q54: =+AFIRMACIONES!B180 -> 0 | X54: 250 | Y54: 4 | AC54: =+AFIRMACIONES!B279 -> 0
B55: 53 | C55: 1 | D55: =+AFIRMACIONES!B82 -> 0 | M55: 152 | N55: 1 | O55: =+AFIRMACIONES!B181 -> 0 | X55: 251 | Y55: 7 | AF55: =+AFIRMACIONES!B280 -> 0
B56: 54 | C56: 6 | I56: =+AFIRMACIONES!B83 -> 0 | M56: 153 | N56: 8 | V56: =+AFIRMACIONES!B182 -> 0 | X56: 252 | Y56: 2 | AA56: =+AFIRMACIONES!B281 -> 0
B57: 55 | C57: 2 | E57: =+AFIRMACIONES!B84 -> 0 | M57: 154 | N57: 3 | Q57: =+AFIRMACIONES!B183 -> 0 | X57: 253 | Y57: 8 | AG57: =+AFIRMACIONES!B282 -> 0
B58: 56 | C58: 7 | J58: =+AFIRMACIONES!B85 -> 0 | M58: 155 | N58: 6 | T58: =+AFIRMACIONES!B184 -> 0 | X58: 254 | Y58: 5 | AD58: =+AFIRMACIONES!B283 -> 0
B59: 57 | C59: 3 | F59: =+AFIRMACIONES!B86 -> 0 | M59: 156 | N59: 2 | P59: =+AFIRMACIONES!B185 -> 0 | X59: 255 | Y59: 1 | Z59: =+AFIRMACIONES!B284 -> 0
B60: 58 | C60: 5 | H60: =+AFIRMACIONES!B87 -> 0 | M60: 157 | N60: 5 | S60: =+AFIRMACIONES!B186 -> 0 | X60: 256 | Y60: 3 | AB60: =+AFIRMACIONES!B285 -> 0
B61: 59 | C61: 4 | G61: =+AFIRMACIONES!B88 -> 0 | M61: 158 | N61: 4 | R61: =+AFIRMACIONES!B187 -> 0 | X61: 257 | Y61: 9 | AH61: =+AFIRMACIONES!B286 -> 0
B62: 60 | C62: 6 | I62: =+AFIRMACIONES!B89 -> 0 | M62: 159 | N62: 1 | O62: =+AFIRMACIONES!B188 -> 0 | X62: 258 | Y62: 2 | AA62: =+AFIRMACIONES!B287 -> 0
B63: 61 | C63: 8 | K63: =+AFIRMACIONES!B90 -> 0 | M63: 160 | N63: 7 | U63: =+AFIRMACIONES!B189 -> 0 | X63: 259 | Y63: 6 | AE63: =+AFIRMACIONES!B288 -> 0
B64: 62 | C64: 1 | D64: =+AFIRMACIONES!B91 -> 0 | M64: 161 | N64: 9 | W64: =+AFIRMACIONES!B190 -> 0 | X64: 260 | Y64: 7 | AF64: =+AFIRMACIONES!B289 -> 0
B65: 63 | C65: 9 | L65: =+AFIRMACIONES!B92 -> 0 | M65: 162 | N65: 8 | V65: =+AFIRMACIONES!B191 -> 0 | X65: 261 | Y65: 4 | AC65: =+AFIRMACIONES!B290 -> 0
B66: 64 | C66: 2 | E66: =+AFIRMACIONES!B93 -> 0 | M66: 163 | N66: 6 | T66: =+AFIRMACIONES!B192 -> 0 | X66: 262 | Y66: 8 | AG66: =+AFIRMACIONES!B291 -> 0
B67: 65 | C67: 4 | G67: =+AFIRMACIONES!B94 -> 0 | M67: 164 | N67: 5 | S67: =+AFIRMACIONES!B193 -> 0 | X67: 263 | Y67: 3 | AB67: =+AFIRMACIONES!B292 -> 0
B68: 66 | C68: 6 | I68: =+AFIRMACIONES!B95 -> 0 | M68: 165 | N68: 9 | W68: =+AFIRMACIONES!B194 -> 0 | X68: 264 | Y68: 5 | AD68: =+AFIRMACIONES!$B293 -> 0
B69: 67 | C69: 5 | H69: =+AFIRMACIONES!B96 -> 0 | M69: 166 | N69: 7 | U69: =+AFIRMACIONES!B195 -> 0 | X69: 265 | Y69: 7 | AF69: =+AFIRMACIONES!B294 -> 0
B70: 68 | C70: 9 | L70: =+AFIRMACIONES!B97 -> 0 | M70: 167 | N70: 4 | R70: =+AFIRMACIONES!B196 -> 0 | X70: 266 | Y70: 9 | AH70: =+AFIRMACIONES!B295 -> 0
B71: 69 | C71: 3 | F71: =+AFIRMACIONES!B98 -> 0 | M71: 168 | N71: 1 | O71: =+AFIRMACIONES!B197 -> 0 | X71: 267 | Y71: 4 | AC71: =+AFIRMACIONES!B296 -> 0
B72: 70 | C72: 1 | D72: =+AFIRMACIONES!B99 -> 0 | M72: 169 | N72: 3 | Q72: =+AFIRMACIONES!B198 -> 0 | X72: 268 | Y72: 1 | Z72: =+AFIRMACIONES!B297 -> 0
B73: 71 | C73: 7 | J73: =+AFIRMACIONES!B100 -> 0 | M73: 170 | N73: 2 | P73: =+AFIRMACIONES!B199 -> 0 | X73: 269 | Y73: 6 | AE73: =+AFIRMACIONES!B298 -> 0
B74: 72 | C74: 8 | K74: =+AFIRMACIONES!B101 -> 0 | M74: 171 | N74: 8 | V74: =+AFIRMACIONES!B200 -> 0 | X74: 270 | Y74: 2 | AA74: =+AFIRMACIONES!B299 -> 0
B75: 73 | C75: 1 | D75: =+AFIRMACIONES!B102 -> 0 | M75: 172 | N75: 7 | U75: =+AFIRMACIONES!B201 -> 0 | X75: Sub Total C | Z75: =SUM(Z3:Z74) -> 0 | AA75: =SUM(AA3:AA74) -> 0 | AB75: =SUM(AB3:AB74) -> 0 | AC75: =SUM(AC3:AC74) -> 0 | AD75: =SUM(AD3:AD74) -> 0 | AE75: =SUM(AE3:AE74) -> 0 | AF75: =SUM(AF3:AF74) -> 0 | AG75: =SUM(AG3:AG74) -> 0 | AH75: =SUM(AH3:AH74) -> 0
B76: 74 | C76: 3 | F76: =+AFIRMACIONES!B103 -> 0 | M76: 173 | N76: 6 | T76: =+AFIRMACIONES!B202 -> 0
B77: 75 | C77: 6 | I77: =+AFIRMACIONES!B104 -> 0 | M77: 174 | N77: 4 | R77: =+AFIRMACIONES!B203 -> 0 | Z77: TIPOLOGIAS
B78: 76 | C78: 9 | L78: =+AFIRMACIONES!B105 -> 0 | M78: 175 | N78: 9 | W78: =+AFIRMACIONES!B204 -> 0 | Z78: 1 | AA78: 2 | AB78: 3 | AC78: 4 | AD78: 5 | AE78: 6 | AF78: 7 | AG78: 8 | AH78: 9
B79: 77 | C79: 4 | G79: =+AFIRMACIONES!B106 -> 0 | M79: 176 | N79: 8 | V79: =+AFIRMACIONES!B205 -> 0 | X79: =+B102 -> Sub Total A | Z79: =+D102 -> 0 | AA79: =+E102 -> 0 | AB79: =+F102 -> 0 | AC79: =+G102 -> 0 | AD79: =+H102 -> 0 | AE79: =+I102 -> 0 | AF79: =+J102 -> 0 | AG79: =+K102 -> 0 | AH79: =+L102 -> 0 | AI79: Total
B80: 78 | C80: 7 | J80: =+AFIRMACIONES!B107 -> 0 | M80: 177 | N80: 5 | S80: =+AFIRMACIONES!B206 -> 0 | X80: =+M102 -> Sub Total B | Z80: =+O102 -> 0 | AA80: =+P102 -> 0 | AB80: =+Q102 -> 0 | AC80: =+R102 -> 0 | AD80: =+S102 -> 0 | AE80: =+T102 -> 0 | AF80: =+U102 -> 0 | AG80: =+V102 -> 0 | AH80: =+W102 -> 0 | AI80: Afirmaciones
B81: 79 | C81: 5 | H81: =+AFIRMACIONES!B108 -> 0 | M81: 178 | N81: 3 | Q81: =+AFIRMACIONES!B207 -> 0 | X81: Sub Total C | Z81: =+Z75 -> 0 | AA81: =+AA75 -> 0 | AB81: =+AB75 -> 0 | AC81: =+AC75 -> 0 | AD81: =+AD75 -> 0 | AE81: =+AE75 -> 0 | AF81: =+AF75 -> 0 | AG81: =+AG75 -> 0 | AH81: =+AH75 -> 0 | AI81: Respondidas
B82: 80 | C82: 8 | K82: =+AFIRMACIONES!B109 -> 0 | M82: 179 | N82: 2 | P82: =+AFIRMACIONES!B208 -> 0 | X82: Totales | Z82: =+B146 -> 0 | AA82: =+C146 -> 0 | AB82: =+D146 -> 0 | AC82: =+E146 -> 0 | AD82: =+F146 -> 0 | AE82: =+G146 -> 0 | AF82: =+H146 -> 0 | AG82: =+I146 -> 0 | AH82: =+J146 -> 0 | AI82: =SUM(Z82:AH82) -> 0
B83: 81 | C83: 2 | E83: =+AFIRMACIONES!B110 -> 0 | M83: 180 | N83: 1 | O83: =+AFIRMACIONES!B209 -> 0
B84: 82 | C84: 5 | H84: =+AFIRMACIONES!B111 -> 0 | M84: 181 | N84: 8 | V84: =+AFIRMACIONES!B210 -> 0 | Z84: Parámetro para cálculo de eje de equilibrio: si la media es hasta 13, hay eje con diferencia en extremos de hasta 2 puntos, si la media es mayor que 13, hay eje con diferencia en extremos de hasta 3 puntos. | AG84: =IF(H148<=13,2,3) -> 2
B85: 83 | C85: 6 | I85: =+AFIRMACIONES!B112 -> 0 | M85: 182 | N85: 9 | W85: =+AFIRMACIONES!B211 -> 0
B86: 84 | C86: 3 | F86: =+AFIRMACIONES!B113 -> 0 | M86: 183 | N86: 2 | P86: =+AFIRMACIONES!B212 -> 0
B87: 85 | C87: 1 | D87: =+AFIRMACIONES!B114 -> 0 | M87: 184 | N87: 3 | Q87: =+AFIRMACIONES!B213 -> 0
B88: 86 | C88: 4 | G88: =+AFIRMACIONES!B115 -> 0 | M88: 185 | N88: 1 | O88: =+AFIRMACIONES!B214 -> 0
B89: 87 | C89: 2 | E89: =+AFIRMACIONES!B116 -> 0 | M89: 186 | N89: 5 | S89: =+AFIRMACIONES!B215 -> 0
B90: 88 | C90: 9 | L90: =+AFIRMACIONES!B117 -> 0 | M90: 187 | N90: 4 | R90: =+AFIRMACIONES!B216 -> 0 | X90: =+B155 -> 0 | Y90: =+IF(X90<0, 1,) -> 0 | Z90: 1 | AA90: Libertad - Salir de estructuras o situaciones que asfixian.
B91: 89 | C91: 7 | J91: =+AFIRMACIONES!B118 -> 0 | M91: 188 | N91: 7 | U91: =+AFIRMACIONES!B217 -> 0 | X91: =+C155 -> 0 | Y91: =+IF(X91<0, 1,) -> 0 | Z91: 2 | AA91: Abrirse afectivamente, a la vincularidad - Amar.
B92: 90 | C92: 8 | K92: =+AFIRMACIONES!B119 -> 0 | M92: 189 | N92: 6 | T92: =+AFIRMACIONES!B218 -> 0 | X92: =+D155 -> 0 | Y92: =+IF(X92<0, 1,) -> 0 | Z92: 3 | AA92: Hacer lo que se debe para lograr el desarrollo personal.
B93: 91 | C93: 5 | H93: =+AFIRMACIONES!B120 -> 0 | M93: 190 | N93: 5 | S93: =+AFIRMACIONES!B219 -> 0 | X93: =+E155 -> 0 | Y93: =+IF(X93<0, 1,) -> 0 | Z93: 4 | AA93: Introspección - Mirar lo que no le gusta o no puede cambiar de si.
B94: 92 | C94: 7 | J94: =+AFIRMACIONES!B121 -> 0 | M94: 191 | N94: 6 | T94: =+AFIRMACIONES!B220 -> 0 | X94: =+F155 -> 0 | Y94: =+IF(X94<0, 1,) -> 0 | Z94: 5 | AA94: Ver la realidad, lo que no quiere o no puede ver o aceptar.
B95: 93 | C95: 9 | L95: =+AFIRMACIONES!B122 -> 0 | M95: 192 | N95: 2 | P95: =+AFIRMACIONES!B221 -> 0 | X95: =+G155 -> 0 | Y95: =+IF(X95<0, 1,) -> 0 | Z95: 6 | AA95: Libertad - Revisar obligaciones o compromisos que se ha creado.
B96: 94 | C96: 6 | I96: =+AFIRMACIONES!B123 -> 0 | M96: 193 | N96: 7 | U96: =+AFIRMACIONES!B222 -> 0 | X96: =+H155 -> 0 | Y96: =+IF(X96<0, 1,) -> 0 | Z96: 7 | AA96: Disfrutar - Relejarse de exceso de responsabilidades y control.
B97: 95 | C97: 8 | K97: =+AFIRMACIONES!B124 -> 0 | M97: 194 | N97: 3 | Q97: =+AFIRMACIONES!B223 -> 0 | X97: =+I155 -> 0 | Y97: =+IF(X97<0, 1,) -> 0 | Z97: 8 | AA97: Una decisión - Poner límites - Considerar las consecuencias.
B98: 96 | C98: 3 | F98: =+AFIRMACIONES!B125 -> 0 | M98: 195 | N98: 9 | W98: =+AFIRMACIONES!B224 -> 0 | X98: =+J155 -> 0 | Y98: =+IF(X98<0, 1,) -> 0 | Z98: 9 | AA98: Parar - Delegar - Salir de la adicción a la actividad.
B99: 97 | C99: 1 | D99: =+AFIRMACIONES!B126 -> 0 | M99: 196 | N99: 4 | R99: =+AFIRMACIONES!B225 -> 0
B100: 98 | C100: 2 | E100: =+AFIRMACIONES!B127 -> 0 | M100: 197 | N100: 1 | O100: =+AFIRMACIONES!B226 -> 0
...

Sheet PLANILLA PARA EL FORMADOR
B1: Respuesta | C1: Tipología | D1: TIPOLOGIAS | M1: Respuesta | N1: Tipología | O1: TIPOLOGIAS | X1: Respuesta | Y1: Tipología | Z1: TIPOLOGIAS | AN1: CICLO | AO1: ETAPA | AP1: MIEDO | AR1: ACTITUD | AT1: ELEMENTO | AV1: NIVEL CONCIENTE | AX1: SENTIDO
D2: 1 | E2: 2 | F2: 3 | G2: 4 | H2: 5 | I2: 6 | J2: 7 | K2: 8 | L2: 9 | O2: 1 | P2: 2 | Q2: 3 | R2: 4 | S2: 5 | T2: 6 | U2: 7 | V2: 8 | W2: 9 | Z2: 1 | AA2: 2 | AB2: 3 | AC2: 4 | AD2: 5 | AE2: 6 | AF2: 7 | AG2: 8 | AH2: 9 | AJ2: =+IF(AND(AFIRMACIONES!$C$6>=AL2,AFIRMACIONES!$C$6<=AM2),1,0) -> 0 | AK2: 1 | AL2: 1 | AM2: 6 | AN2: Afirmación | AO2: De O a 7 Años | AP2: A la DISTANCIA, al abandono. Lo agrava la muerte de un ser querido o una mascota o la separación de los padres. | AR2: PRESENCIA, estar presente con el corazón. Presencia cualitativa y cuantitativa. Acompañarlo. Necesita la figura materna y paterna. | AT2: El AGUA, disuelve el miedo. Recuerda al líquido amniótico. Es sanante. | AV2: YO. Afianzar el yo personal. Poner límites claros y precisos sin mayores explicaciones. Sólo en esta etapa funciona el "premio - castigo". | AX2: GUSTO. Es importante variar su alimentación para que sepa que existe lo dulce, lo salado y lo amargo. Aprende que no todo lo que le gusta es nutritivo.
B3: 1 | C3: 8 | K3: =+AFIRMACIONES!B30 -> 0 | M3: 100 | N3: 5 | S3: =+AFIRMACIONES!B129 -> 0 | X3: 199 | Y3: 7 | AF3: =+AFIRMACIONES!B228 -> 0 | AJ3: =+IF(AND(AFIRMACIONES!$C$6>=AL3,AFIRMACIONES!$C$6<=AM3),1,0) -> 0 | AK3: 2 | AL3: 7 | AM3: 13 | AN3: Afirmación | AO3: De 7 a 14 Años | AP3: A la CERCANÍA, a LOS OTROS, a que nadie lo quiera, no agradarle al otro, al rechazo o a que le hagan mal. | AR3: AUTONOMÍA, ayudarlo a que enfrente las situaciones por sí mismo y decidan. Estar cerca y acompañarlo. Darle explicaciones. "La norma se apoya en un valor" | AT3: El FUEGO. Inconscientemente el jugar con fuego ayuda a disolver el miedo (campamentos fogones) | AV3: SOCIAL. Dignidad: Palabra sagrada. Evitar la burla. Nace la verdadera solidaridad que disuelve el miedo al otro. Enseñarle a valorarse y el valor del otro. | AX3: VISTA. Enseñar a ver más allá, a través de un microscopio, un telescopio o acostarse en el pasto y mirar el cielo. Ver juntos videos o películas y comentarlas.
B4: 2 | C4: 6 | I4: =+AFIRMACIONES!B31 -> 0 | M4: 101 | N4: 7 | U4: =+AFIRMACIONES!B130 -> 0 | X4: 200 | Y4: 3 | AB4: =+AFIRMACIONES!B229 -> 0 | AJ4: =+IF(AND(AFIRMACIONES!$C$6>=AL4,AFIRMACIONES!$C$6<=AM4),1,0) -> 0 | AK4: 3 | AL4: 14 | AM4: 20 | AN4: Afirmación | AO4: De 14 a 21 Años | AP4: Al CAMBIO. Todo cambia en la vida. Se constituye como persona. Necesita tomar distancia. Se produce el proceso hormonal de la adolescencia. | AR4: SEGURIDAD. Dejarlo actuar, pero estar cuando lo necesite. Ser un referente o "faro". Que sepa que "puede contar con uno". Mostrarle coherencia y consistencia. | AT4: El AIRE. Incentivar la vida al aire libre. Trabajar la respiración. Ir de campamento, correr, andar en bicicleta. | AV4: EXISTENCIAL. Etapa de preguntas sobre la vida y la muerte, aprender a ser crítico, a cuestionarse. Flexibilizar las normas y mantener firmes los valores. | AX4: TACTO. La música y el arte lo preparan para el amor. Hacer trabajos manuales, artesanías, sentir las cosas para lograr sensibilidad. Tocar un instrumento
B5: 3 | C5: 9 | L5: =+AFIRMACIONES!B32 -> 0 | M5: 102 | N5: 6 | T5: =+AFIRMACIONES!B131 -> 0 | X5: 201 | Y5: 4 | AC5: =+AFIRMACIONES!B230 -> 0 | AJ5: =+IF(AND(AFIRMACIONES!$C$6>=AL5,AFIRMACIONES!$C$6<=AM5),1,0) -> 0 | AK5: 4 | AL5: 21 | AM5: 27 | AN5: Afirmación | AO5: De 21 a 28 Años | AP5: A la CONTINUIDAD, a perder la libertad, a la rutina. Le cuesta asumir compromisos. La rutina está dentro de cada uno. | AR5: CREATIVIDAD. Lograr una actitud distinta hacia lo cotidiano, que sea placentero. Hacer extraordinario lo ordinario de cada día | AT5: La TIERRA enseña que no todo en la vida es invierno o verano, también existe la primavera y el otoño, la rutina no existe, son ciclos naturales. | AV5: TRANSPERSONAL. Etapa de los ¿para qué?. Encontrar el verdadero sentido de la vida. Buscar la misión de vida. ¿Para qué estoy? ¿A dónde voy? | AX5: OLFATO. Relacionado con la glándula pineal. Tiene que ver con el sentido común. Actualmente es el sentido menos desarrollado.
B6: 4 | C6: 3 | F6: =+AFIRMACIONES!B33 -> 0 | M6: 103 | N6: 3 | Q6: =+AFIRMACIONES!B132 -> 0 | X6: 202 | Y6: 9 | AH6: =+AFIRMACIONES!B231 -> 0 | AJ6: =+IF(AND(AFIRMACIONES!$C$6>=AL6,AFIRMACIONES!$C$6<=AM6),1,0) -> 0 | AK6: 5 | AL6: 28 | AM6: 41 | AN6: Afirmación | AO6: De 28 a 35 y de 35 a 42 Años | AP6: A PERDER la figura, la pareja, la virilidad, el dinero, la vida, lo que me gusta hacer. Miedo a perder el tiempo y la juventud. | AR6: SER. El tener compulsivamente disminuye solo momentáneamente el miedo a perder. Poner tiempo y energía para el ser, crecimiento interior. | AT6: La LUZ. Contacto con el sol para aprender a sentir la luz. Tiempo para tener claridad, para la soledad, no aislamiento, sino encontrarse con sí mismo. | AV6: UNIDAD. Conciencia comunitaria. Pensar en plural: "no soy, somos", "no es mío, es nuestro". Estar en armonía y agradecer y sonreír a la vida. | AX6: OÍDO. Escuchar el doble de lo que se habla. Aprender a escuchar y a escucharse. Prestar atención a lo sagrado en uno. Estar a la escucha.
B7: 5 | C7: 2 | E7: =+AFIRMACIONES!B34 -> 0 | M7: 104 | N7: 4 | R7: =+AFIRMACIONES!B133 -> 0 | X7: 203 | Y7: 2 | AA7: =+AFIRMACIONES!B232 -> 0 | AJ7: =+IF(AND(AFIRMACIONES!$C$6>=AL7,AFIRMACIONES!$C$6<=AM7),1,0) -> 0 | AK7: 6 | AL7: 42 | AM7: 48 | AN7: Transformación | AO7: De 42 a 49 Años | AP7: A la CONTINUIDAD, a la rutina. TENER: Aferrarse a los bienes y sólo tomarse recreos placenteros. Es necesario consolidar el SER. | AR7: CREATIVIDAD. Lograr una actitud distinta hacia lo cotidiano, hacer extraordinario lo ordinario. SER: Expansión de la persona | AT7: La TIERRA: energía de vida y de creación. Tomar contacto con la tierra, caminar, atender el jardín, regar. | AV7: TRANSPERSONAL. No encerrarse en la preocupaciones inmediatas. Focalizarse en el Ideal de Vida | AX7: OLFATO. Actuar con sentido común. Desarrolla el hemisferio derecho del cerebro. Disfrutar las esencias y sabiduría oculta en los aromas.
B8: 6 | C8: 5 | H8: =+AFIRMACIONES!B35 -> 0 | M8: 105 | N8: 2 | P8: =+AFIRMACIONES!B134 -> 0 | X8: 204 | Y8: 1 | Z8: =+AFIRMACIONES!B233 -> 0 | AJ8: =+IF(AND(AFIRMACIONES!$C$6>=AL8,AFIRMACIONES!$C$6<=AM8),1,0) -> 0 | AK8: 7 | AL8: 49 | AM8: 55 | AN8: Transformación | AO8: De 49 a 56 Años | AP8: Al CAMBIO, temor por los cambios físicos que comienzan: andropausia, menopausia. Nido vacío lleva al reencuentro de la pareja. La experiencia ayuda a ser guías. | AR8: SEGURIDAD, el tener da seguridad afuera: en lo material, el éxito; acción dirigida al trabajo para llenar vacíos. Pero el SER da seguridad en la plenitud personal. Amistad. | AT8: El AIRE, incentivar la vida al aire libre. Vivir sin fronteras, liberarse de las emociones. | AV8: EXISTENCIAL. El tener lleva a caer en la crítica, el pesimismo. El SER implica momento de cambios auténticos. Persona positiva que colabora y participa por el bien. | AX8: TACTO. Momento de sacar a la luz hobbies latentes. Masajes. Abrazos. Redescubrir el amor en la pareja.
B9: 7 | C9: 7 | J9: =+AFIRMACIONES!B36 -> 0 | M9: 106 | N9: 1 | O9: =+AFIRMACIONES!B135 -> 0 | X9: 205 | Y9: 8 | AG9: =+AFIRMACIONES!B234 -> 0 | AJ9: =+IF(AND(AFIRMACIONES!$C$6>=AL9,AFIRMACIONES!$C$6<=AM9),1,0) -> 0 | AK9: 8 | AL9: 56 | AM9: 62 | AN9: Transformación | AO9: De 56 a 63 Años | AP9: A la CERCANÍA A LOS OTROS, a robos, a sufrir violencia. Lleva a la persona a encerrase, no salir. Miedo a lo que puede pasar a los hijos y nietos. | AR9: AUTONOMÍA. No dejar de tomar recaudos, pero abrirse a la vida. Participar del "bien común" | AT9: El FUEGO le aporta vitalidad renovadora. El asado, lo culinario, cocinar para los demás con amor. | AV9: SOCIAL. Servicio social a través de lo experimentado. Solidaridad y participación. No caer en la amargura y la desesperanza | AX9: VISTA. Ejercitar la capacidad de asombro. Aprender cosas nuevas. Ser visionarios.
B10: 8 | C10: 4 | G10: =+AFIRMACIONES!B37 -> 0 | M10: 107 | N10: 8 | V10: =+AFIRMACIONES!B136 -> 0 | X10: 206 | Y10: 6 | AE10: =+AFIRMACIONES!B235 -> 0 | AJ10: =+IF(AND(AFIRMACIONES!$C$6>=AL10,AFIRMACIONES!$C$6<=AM10),1,0) -> 0 | AK10: 9 | AL10: 63 | AM10: 69 | AN10: Transformación | AO10: De 63 a 70 Años | AP10: A la DISTANCIA, a sentirse inútil, sensación de abandono. Reclama presencia, tiempo y energía. | AR10: PRESENCIA. Acompañamiento, presencia y servicio no invasivos, no tóxicos. Sabiduría en límites sanos. | AT10: El AGUA disuelve el miedo. Es sanante. Alarma de problemas psicológicos si hay rechazo a la higiene. | AV10: YO. Si se afirma el ego = Tóxico, si se afirma la conciencia = Sabio. Autoestima sana. | AX10: GUSTO. Saborear = sabiduría. Cuidarse y comer bien. En sombra hipocondríacos.
B11: 9 | C11: 1 | D11: =+AFIRMACIONES!B38 -> 0 | M11: 108 | N11: 9 | W11: =+AFIRMACIONES!B137 -> 0 | X11: 207 | Y11: 5 | AD11: =+AFIRMACIONES!B236 -> 0 | AJ11: =+IF(AND(AFIRMACIONES!$C$6>=AL11,AFIRMACIONES!$C$6<=AM11),1,0) -> 0 | AK11: 10 | AL11: 70 | AM11: 90 | AN11: Transformación | AO11: De 70 en adelante | AP11: A PERDER, a la muerte. La muerte como final o como paso a la trascendencia. | AR11: SER. Momento de confirmar las decisiones fundamentales de la vida. Durar o madurar. Servir. | AT11: La LUZ, tomar contacto con el sol. Los ojos son las ventanas del alma. Ser faros que iluminan. (una cosa es querer brillar y otra ser luz). | AV11: UNIDAD. La casa de los abuelos es el corazón de la familia. Tener gratitud y alegría. | AX11: OÍDO. Ser expertos en el arte de escuchar. En la sombra hablar de sí, criticar y dar consejos que no le piden.
B12: 10 | C12: 9 | L12: =+AFIRMACIONES!B39 -> 0 | M12: 109 | N12: 2 | P12: =+AFIRMACIONES!B138 -> 0 | X12: 208 | Y12: 5 | AD12: =+AFIRMACIONES!B237 -> 0
B13: 11 | C13: 4 | G13: =+AFIRMACIONES!B40 -> 0 | M13: 110 | N13: 7 | U13: =+AFIRMACIONES!B139 -> 0 | X13: 209 | Y13: 2 | AA13: =+AFIRMACIONES!B238 -> 0
B14: 12 | C14: 7 | J14: =+AFIRMACIONES!B41 -> 0 | M14: 111 | N14: 8 | V14: =+AFIRMACIONES!B140 -> 0 | X14: 210 | Y14: 3 | AB14: =+AFIRMACIONES!B239 -> 0
B15: 13 | C15: 8 | K15: =+AFIRMACIONES!B42 -> 0 | M15: 112 | N15: 5 | S15: =+AFIRMACIONES!B141 -> 0 | X15: 211 | Y15: 1 | Z15: =+AFIRMACIONES!B240 -> 0
B16: 14 | C16: 3 | F16: =+AFIRMACIONES!B43 -> 0 | M16: 113 | N16: 3 | Q16: =+AFIRMACIONES!B142 -> 0 | X16: 212 | Y16: 6 | AE16: =+AFIRMACIONES!B241 -> 0
B17: 15 | C17: 1 | D17: =+AFIRMACIONES!B44 -> 0 | M17: 114 | N17: 4 | R17: =+AFIRMACIONES!B143 -> 0 | X17: 213 | Y17: 9 | AH17: =+AFIRMACIONES!B242 -> 0
B18: 16 | C18: 6 | I18: =+AFIRMACIONES!B45 -> 0 | M18: 115 | N18: 6 | T18: =+AFIRMACIONES!B144 -> 0 | X18: 214 | Y18: 4 | AC18: =+AFIRMACIONES!B243 -> 0
B19: 17 | C19: 2 | E19: =+AFIRMACIONES!B46 -> 0 | M19: 116 | N19: 1 | O19: =+AFIRMACIONES!B145 -> 0 | X19: 215 | Y19: 8 | AG19: =+AFIRMACIONES!B244 -> 0
B20: 18 | C20: 5 | H20: =+AFIRMACIONES!B47 -> 0 | M20: 117 | N20: 9 | W20: =+AFIRMACIONES!B146 -> 0 | X20: 216 | Y20: 7 | AF20: =+AFIRMACIONES!B245 -> 0
B21: 19 | C21: 8 | K21: =+AFIRMACIONES!B48 -> 0 | M21: 118 | N21: 3 | Q21: =+AFIRMACIONES!B147 -> 0 | X21: 217 | Y21: 3 | AB21: =+AFIRMACIONES!B246 -> 0
B22: 20 | C22: 5 | H22: =+AFIRMACIONES!B49 -> 0 | M22: 119 | N22: 7 | U22: =+AFIRMACIONES!B148 -> 0 | X22: 218 | Y22: 4 | AC22: =+AFIRMACIONES!B247 -> 0
B23: 21 | C23: 2 | E23: =+AFIRMACIONES!B50 -> 0 | M23: 120 | N23: 1 | O23: =+AFIRMACIONES!B149 -> 0 | X23: 219 | Y23: 7 | AF23: =+AFIRMACIONES!B248 -> 0
B24: 22 | C24: 4 | G24: =+AFIRMACIONES!B51 -> 0 | M24: 121 | N24: 5 | S24: =+AFIRMACIONES!B150 -> 0 | X24: 220 | Y24: 9 | AH24: =+AFIRMACIONES!B249 -> 0
B25: 23 | C25: 7 | J25: =+AFIRMACIONES!B52 -> 0 | M25: 122 | N25: 2 | P25: =+AFIRMACIONES!B151 -> 0 | X25: 221 | Y25: 8 | AG25: =+AFIRMACIONES!B250 -> 0
B26: 24 | C26: 1 | D26: =+AFIRMACIONES!B53 -> 0 | M26: 123 | N26: 4 | R26: =+AFIRMACIONES!B152 -> 0 | X26: 222 | Y26: 5 | AD26: =+AFIRMACIONES!B251 -> 0
B27: 25 | C27: 9 | L27: =+AFIRMACIONES!B54 -> 0 | M27: 124 | N27: 8 | V27: =+AFIRMACIONES!B153 -> 0 | X27: 223 | Y27: 1 | Z27: =+AFIRMACIONES!B252 -> 0
B28: 26 | C28: 3 | F28: =+AFIRMACIONES!B55 -> 0 | M28: 125 | N28: 9 | W28: =+AFIRMACIONES!B154 -> 0 | X28: 224 | Y28: 2 | AA28: =+AFIRMACIONES!B253 -> 0
B29: 27 | C29: 6 | I29: =+AFIRMACIONES!B56 -> 0 | M29: 126 | N29: 6 | T29: =+AFIRMACIONES!B155 -> 0 | X29: 225 | Y29: 6 | AE29: =+AFIRMACIONES!B254 -> 0
B30: 28 | C30: 2 | E30: =+AFIRMACIONES!B57 -> 0 | M30: 127 | N30: 6 | T30: =+AFIRMACIONES!B156 -> 0 | X30: 226 | Y30: 1 | Z30: =+AFIRMACIONES!B255 -> 0
B31: 29 | C31: 3 | F31: =+AFIRMACIONES!B58 -> 0 | M31: 128 | N31: 1 | O31: =+AFIRMACIONES!B157 -> 0 | X31: 227 | Y31: 2 | AA31: =+AFIRMACIONES!B256 -> 0
B32: 30 | C32: 8 | K32: =+AFIRMACIONES!B59 -> 0 | M32: 129 | N32: 2 | P32: =+AFIRMACIONES!B158 -> 0 | X32: 228 | Y32: 5 | AD32: =+AFIRMACIONES!B257 -> 0
B33: 31 | C33: 5 | H33: =+AFIRMACIONES!B60 -> 0 | M33: 130 | N33: 8 | V33: =+AFIRMACIONES!B159 -> 0 | X33: 229 | Y33: 6 | AE33: =+AFIRMACIONES!B258 -> 0
B34: 32 | C34: 1 | D34: =+AFIRMACIONES!B61 -> 0 | M34: 131 | N34: 3 | Q34: =+AFIRMACIONES!B160 -> 0 | X34: 230 | Y34: 8 | AG34: =+AFIRMACIONES!B259 -> 0
B35: 33 | C35: 6 | I35: =+AFIRMACIONES!B62 -> 0 | M35: 132 | N35: 7 | U35: =+AFIRMACIONES!B161 -> 0 | X35: 231 | Y35: 9 | AH35: =+AFIRMACIONES!B260 -> 0
B36: 34 | C36: 9 | L36: =+AFIRMACIONES!B63 -> 0 | M36: 133 | N36: 5 | S36: =+AFIRMACIONES!B162 -> 0 | X36: 232 | Y36: 4 | AC36: =+AFIRMACIONES!B261 -> 0
B37: 35 | C37: 4 | G37: =+AFIRMACIONES!B64 -> 0 | M37: 134 | N37: 4 | R37: =+AFIRMACIONES!B163 -> 0 | X37: 233 | Y37: 7 | AF37: =+AFIRMACIONES!B262 -> 0
B38: 36 | C38: 7 | J38: =+AFIRMACIONES!B65 -> 0 | M38: 135 | N38: 9 | W38: =+AFIRMACIONES!B164 -> 0 | X38: 234 | Y38: 3 | AB38: =+AFIRMACIONES!B263 -> 0
B39: 37 | C39: 4 | G39: =+AFIRMACIONES!B66 -> 0 | M39: 136 | N39: 9 | W39: =+AFIRMACIONES!B165 -> 0 | X39: 235 | Y39: 8 | AG39: =+AFIRMACIONES!B264 -> 0
B40: 38 | C40: 5 | H40: =+AFIRMACIONES!B67 -> 0 | M40: 137 | N40: 6 | T40: =+AFIRMACIONES!B166 -> 0 | X40: 236 | Y40: 9 | AH40: =+AFIRMACIONES!B265 -> 0
B41: 39 | C41: 1 | D41: =+AFIRMACIONES!B68 -> 0 | M41: 138 | N41: 7 | U41: =+AFIRMACIONES!B167 -> 0 | X41: 237 | Y41: 4 | AC41: =+AFIRMACIONES!B266 -> 0
B42: 40 | C42: 2 | E42: =+AFIRMACIONES!B69 -> 0 | M42: 139 | N42: 5 | S42: =+AFIRMACIONES!B168 -> 0 | X42: 238 | Y42: 5 | AD42: =+AFIRMACIONES!B267 -> 0
B43: 41 | C43: 8 | K43: =+AFIRMACIONES!B70 -> 0 | M43: 140 | N43: 4 | R43: =+AFIRMACIONES!B169 -> 0 | X43: 239 | Y43: 6 | AE43: =+AFIRMACIONES!B268 -> 0
B44: 42 | C44: 7 | J44: =+AFIRMACIONES!B71 -> 0 | M44: 141 | N44: 3 | Q44: =+AFIRMACIONES!B170 -> 0 | X44: 240 | Y44: 1 | Z44: =+AFIRMACIONES!B269 -> 0
B45: 43 | C45: 9 | L45: =+AFIRMACIONES!B72 -> 0 | M45: 142 | N45: 2 | P45: =+AFIRMACIONES!B171 -> 0 | X45: 241 | Y45: 7 | AF45: =+AFIRMACIONES!B270 -> 0
B46: 44 | C46: 3 | F46: =+AFIRMACIONES!B73 -> 0 | M46: 143 | N46: 8 | V46: =+AFIRMACIONES!B172 -> 0 | X46: 242 | Y46: 2 | AA46: =+AFIRMACIONES!B271 -> 0
B47: 45 | C47: 6 | I47: =+AFIRMACIONES!B74 -> 0 | M47: 144 | N47: 1 | O47: =+AFIRMACIONES!B173 -> 0 | X47: 243 | Y47: 3 | AB47: =+AFIRMACIONES!B272 -> 0
B48: 46 | C48: 2 | E48: =+AFIRMACIONES!B75 -> 0 | M48: 145 | N48: 6 | T48: =+AFIRMACIONES!B174 -> 0 | X48: 244 | Y48: 3 | AB48: =+AFIRMACIONES!B273 -> 0
B49: 47 | C49: 5 | H49: =+AFIRMACIONES!B76 -> 0 | M49: 146 | N49: 4 | R49: =+AFIRMACIONES!B175 -> 0 | X49: 245 | Y49: 1 | Z49: =+AFIRMACIONES!B274 -> 0
B50: 48 | C50: 9 | L50: =+AFIRMACIONES!B77 -> 0 | M50: 147 | N50: 9 | W50: =+AFIRMACIONES!B176 -> 0 | X50: 246 | Y50: 8 | AG50: =+AFIRMACIONES!B275 -> 0
B51: 49 | C51: 8 | K51: =+AFIRMACIONES!B78 -> 0 | M51: 148 | N51: 7 | U51: =+AFIRMACIONES!B177 -> 0 | X51: 247 | Y51: 5 | AD51: =+AFIRMACIONES!B276 -> 0
B52: 50 | C52: 3 | F52: =+AFIRMACIONES!B79 -> 0 | M52: 149 | N52: 2 | P52: =+AFIRMACIONES!B178 -> 0 | X52: 248 | Y52: 9 | AH52: =+AFIRMACIONES!B277 -> 0
B53: 51 | C53: 4 | G53: =+AFIRMACIONES!B80 -> 0 | M53: 150 | N53: 5 | S53: =+AFIRMACIONES!B179 -> 0 | X53: 249 | Y53: 6 | AE53: =+AFIRMACIONES!B278 -> 0
B54: 52 | C54: 7 | J54: =+AFIRMACIONES!B81 -> 0 | M54: 151 | N54: 3 | Q54: =+AFIRMACIONES!B180 -> 0 | X54: 250 | Y54: 4 | AC54: =+AFIRMACIONES!B279 -> 0
B55: 53 | C55: 1 | D55: =+AFIRMACIONES!B82 -> 0 | M55: 152 | N55: 1 | O55: =+AFIRMACIONES!B181 -> 0 | X55: 251 | Y55: 7 | AF55: =+AFIRMACIONES!B280 -> 0
B56: 54 | C56: 6 | I56: =+AFIRMACIONES!B83 -> 0 | M56: 153 | N56: 8 | V56: =+AFIRMACIONES!B182 -> 0 | X56: 252 | Y56: 2 | AA56: =+AFIRMACIONES!B281 -> 0
B57: 55 | C57: 2 | E57: =+AFIRMACIONES!B84 -> 0 | M57: 154 | N57: 3 | Q57: =+AFIRMACIONES!B183 -> 0 | X57: 253 | Y57: 8 | AG57: =+AFIRMACIONES!B282 -> 0
B58: 56 | C58: 7 | J58: =+AFIRMACIONES!B85 -> 0 | M58: 155 | N58: 6 | T58: =+AFIRMACIONES!B184 -> 0 | X58: 254 | Y58: 5 | AD58: =+AFIRMACIONES!B283 -> 0
B59: 57 | C59: 3 | F59: =+AFIRMACIONES!B86 -> 0 | M59: 156 | N59: 2 | P59: =+AFIRMACIONES!B185 -> 0 | X59: 255 | Y59: 1 | Z59: =+AFIRMACIONES!B284 -> 0
B60: 58 | C60: 5 | H60: =+AFIRMACIONES!B87 -> 0 | M60: 157 | N60: 5 | S60: =+AFIRMACIONES!B186 -> 0 | X60: 256 | Y60: 3 | AB60: =+AFIRMACIONES!B285 -> 0
B61: 59 | C61: 4 | G61: =+AFIRMACIONES!B88 -> 0 | M61: 158 | N61: 4 | R61: =+AFIRMACIONES!B187 -> 0 | X61: 257 | Y61: 9 | AH61: =+AFIRMACIONES!B286 -> 0
B62: 60 | C62: 6 | I62: =+AFIRMACIONES!B89 -> 0 | M62: 159 | N62: 1 | O62: =+AFIRMACIONES!B188 -> 0 | X62: 258 | Y62: 2 | AA62: =+AFIRMACIONES!B287 -> 0
B63: 61 | C63: 8 | K63: =+AFIRMACIONES!B90 -> 0 | M63: 160 | N63: 7 | U63: =+AFIRMACIONES!B189 -> 0 | X63: 259 | Y63: 6 | AE63: =+AFIRMACIONES!B288 -> 0
B64: 62 | C64: 1 | D64: =+AFIRMACIONES!B91 -> 0 | M64: 161 | N64: 9 | W64: =+AFIRMACIONES!B190 -> 0 | X64: 260 | Y64: 7 | AF64: =+AFIRMACIONES!B289 -> 0
B65: 63 | C65: 9 | L65: =+AFIRMACIONES!B92 -> 0 | M65: 162 | N65: 8 | V65: =+AFIRMACIONES!B191 -> 0 | X65: 261 | Y65: 4 | AC65: =+AFIRMACIONES!B290 -> 0
B66: 64 | C66: 2 | E66: =+AFIRMACIONES!B93 -> 0 | M66: 163 | N66: 6 | T66: =+AFIRMACIONES!B192 -> 0 | X66: 262 | Y66: 8 | AG66: =+AFIRMACIONES!B291 -> 0
B67: 65 | C67: 4 | G67: =+AFIRMACIONES!B94 -> 0 | M67: 164 | N67: 5 | S67: =+AFIRMACIONES!B193 -> 0 | X67: 263 | Y67: 3 | AB67: =+AFIRMACIONES!B292 -> 0
B68: 66 | C68: 6 | I68: =+AFIRMACIONES!B95 -> 0 | M68: 165 | N68: 9 | W68: =+AFIRMACIONES!B194 -> 0 | X68: 264 | Y68: 5 | AD68: =+AFIRMACIONES!$B293 -> 0
B69: 67 | C69: 5 | H69: =+AFIRMACIONES!B96 -> 0 | M69: 166 | N69: 7 | U69: =+AFIRMACIONES!B195 -> 0 | X69: 265 | Y69: 7 | AF69: =+AFIRMACIONES!B294 -> 0
B70: 68 | C70: 9 | L70: =+AFIRMACIONES!B97 -> 0 | M70: 167 | N70: 4 | R70: =+AFIRMACIONES!B196 -> 0 | X70: 266 | Y70: 9 | AH70: =+AFIRMACIONES!B295 -> 0
B71: 69 | C71: 3 | F71: =+AFIRMACIONES!B98 -> 0 | M71: 168 | N71: 1 | O71: =+AFIRMACIONES!B197 -> 0 | X71: 267 | Y71: 4 | AC71: =+AFIRMACIONES!B296 -> 0
B72: 70 | C72: 1 | D72: =+AFIRMACIONES!B99 -> 0 | M72: 169 | N72: 3 | Q72: =+AFIRMACIONES!B198 -> 0 | X72: 268 | Y72: 1 | Z72: =+AFIRMACIONES!B297 -> 0
B73: 71 | C73: 7 | J73: =+AFIRMACIONES!B100 -> 0 | M73: 170 | N73: 2 | P73: =+AFIRMACIONES!B199 -> 0 | X73: 269 | Y73: 6 | AE73: =+AFIRMACIONES!B298 -> 0
B74: 72 | C74: 8 | K74: =+AFIRMACIONES!B101 -> 0 | M74: 171 | N74: 8 | V74: =+AFIRMACIONES!B200 -> 0 | X74: 270 | Y74: 2 | AA74: =+AFIRMACIONES!B299 -> 0
B75: 73 | C75: 1 | D75: =+AFIRMACIONES!B102 -> 0 | M75: 172 | N75: 7 | U75: =+AFIRMACIONES!B201 -> 0 | X75: Sub Total C | Z75: =SUM(Z3:Z74) -> 0 | AA75: =SUM(AA3:AA74) -> 0 | AB75: =SUM(AB3:AB74) -> 0 | AC75: =SUM(AC3:AC74) -> 0 | AD75: =SUM(AD3:AD74) -> 0 | AE75: =SUM(AE3:AE74) -> 0 | AF75: =SUM(AF3:AF74) -> 0 | AG75: =SUM(AG3:AG74) -> 0 | AH75: =SUM(AH3:AH74) -> 0
B76: 74 | C76: 3 | F76: =+AFIRMACIONES!B103 -> 0 | M76: 173 | N76: 6 | T76: =+AFIRMACIONES!B202 -> 0
B77: 75 | C77: 6 | I77: =+AFIRMACIONES!B104 -> 0 | M77: 174 | N77: 4 | R77: =+AFIRMACIONES!B203 -> 0 | Z77: TIPOLOGIAS
B78: 76 | C78: 9 | L78: =+AFIRMACIONES!B105 -> 0 | M78: 175 | N78: 9 | W78: =+AFIRMACIONES!B204 -> 0 | Z78: 1 | AA78: 2 | AB78: 3 | AC78: 4 | AD78: 5 | AE78: 6 | AF78: 7 | AG78: 8 | AH78: 9
B79: 77 | C79: 4 | G79: =+AFIRMACIONES!B106 -> 0 | M79: 176 | N79: 8 | V79: =+AFIRMACIONES!B205 -> 0 | X79: =+B102 -> Sub Total A | Z79: =+D102 -> 0 | AA79: =+E102 -> 0 | AB79: =+F102 -> 0 | AC79: =+G102 -> 0 | AD79: =+H102 -> 0 | AE79: =+I102 -> 0 | AF79: =+J102 -> 0 | AG79: =+K102 -> 0 | AH79: =+L102 -> 0 | AI79: Total
B80: 78 | C80: 7 | J80: =+AFIRMACIONES!B107 -> 0 | M80: 177 | N80: 5 | S80: =+AFIRMACIONES!B206 -> 0 | X80: =+M102 -> Sub Total B | Z80: =+O102 -> 0 | AA80: =+P102 -> 0 | AB80: =+Q102 -> 0 | AC80: =+R102 -> 0 | AD80: =+S102 -> 0 | AE80: =+T102 -> 0 | AF80: =+U102 -> 0 | AG80: =+V102 -> 0 | AH80: =+W102 -> 0 | AI80: Afirmaciones
B81: 79 | C81: 5 | H81: =+AFIRMACIONES!B108 -> 0 | M81: 178 | N81: 3 | Q81: =+AFIRMACIONES!B207 -> 0 | X81: Sub Total C | Z81: =+Z75 -> 0 | AA81: =+AA75 -> 0 | AB81: =+AB75 -> 0 | AC81: =+AC75 -> 0 | AD81: =+AD75 -> 0 | AE81: =+AE75 -> 0 | AF81: =+AF75 -> 0 | AG81: =+AG75 -> 0 | AH81: =+AH75 -> 0 | AI81: Respondidas
B82: 80 | C82: 8 | K82: =+AFIRMACIONES!B109 -> 0 | M82: 179 | N82: 2 | P82: =+AFIRMACIONES!B208 -> 0 | X82: Totales | Z82: =+B170 -> 0 | AA82: =+C170 -> 0 | AB82: =+D170 -> 0 | AC82: =+E170 -> 0 | AD82: =+F170 -> 0 | AE82: =+G170 -> 0 | AF82: =+H170 -> 0 | AG82: =+I170 -> 0 | AH82: =+J170 -> 0 | AI82: =SUM(Z82:AH82) -> 0
B83: 81 | C83: 2 | E83: =+AFIRMACIONES!B110 -> 0 | M83: 180 | N83: 1 | O83: =+AFIRMACIONES!B209 -> 0
B84: 82 | C84: 5 | H84: =+AFIRMACIONES!B111 -> 0 | M84: 181 | N84: 8 | V84: =+AFIRMACIONES!B210 -> 0 | Z84: Parámetro para cálculo de eje de equilibrio: si la media es hasta 13, hay eje con diferencia en extremos de hasta 2 puntos, si la media es mayor que 13, hay eje con diferencia en extremos de hasta 3 puntos. | AG84: =IF(H172<=13,2,3) -> 2
B85: 83 | C85: 6 | I85: =+AFIRMACIONES!B112 -> 0 | M85: 182 | N85: 9 | W85: =+AFIRMACIONES!B211 -> 0
B86: 84 | C86: 3 | F86: =+AFIRMACIONES!B113 -> 0 | M86: 183 | N86: 2 | P86: =+AFIRMACIONES!B212 -> 0
B87: 85 | C87: 1 | D87: =+AFIRMACIONES!B114 -> 0 | M87: 184 | N87: 3 | Q87: =+AFIRMACIONES!B213 -> 0
B88: 86 | C88: 4 | G88: =+AFIRMACIONES!B115 -> 0 | M88: 185 | N88: 1 | O88: =+AFIRMACIONES!B214 -> 0
B89: 87 | C89: 2 | E89: =+AFIRMACIONES!B116 -> 0 | M89: 186 | N89: 5 | S89: =+AFIRMACIONES!B215 -> 0
B90: 88 | C90: 9 | L90: =+AFIRMACIONES!B117 -> 0 | M90: 187 | N90: 4 | R90: =+AFIRMACIONES!B216 -> 0 | X90: =+B179 -> 0 | Y90: =+IF(X90<0, 1,) -> 0 | Z90: 1 | AA90: Libertad - Salir de estructuras o situaciones que asfixian.
B91: 89 | C91: 7 | J91: =+AFIRMACIONES!B118 -> 0 | M91: 188 | N91: 7 | U91: =+AFIRMACIONES!B217 -> 0 | X91: =+C179 -> 0 | Y91: =+IF(X91<0, 1,) -> 0 | Z91: 2 | AA91: Abrirse afectivamente, a la vincularidad - Amar.
B92: 90 | C92: 8 | K92: =+AFIRMACIONES!B119 -> 0 | M92: 189 | N92: 6 | T92: =+AFIRMACIONES!B218 -> 0 | X92: =+D179 -> 0 | Y92: =+IF(X92<0, 1,) -> 0 | Z92: 3 | AA92: Hacer lo que se debe para lograr el desarrollo personal.
B93: 91 | C93: 5 | H93: =+AFIRMACIONES!B120 -> 0 | M93: 190 | N93: 5 | S93: =+AFIRMACIONES!B219 -> 0 | X93: =+E179 -> 0 | Y93: =+IF(X93<0, 1,) -> 0 | Z93: 4 | AA93: Introspección - Mirar lo que no le gusta o no puede cambiar de si.
B94: 92 | C94: 7 | J94: =+AFIRMACIONES!B121 -> 0 | M94: 191 | N94: 6 | T94: =+AFIRMACIONES!B220 -> 0 | X94: =+F179 -> 0 | Y94: =+IF(X94<0, 1,) -> 0 | Z94: 5 | AA94: Ver la realidad, lo que no quiere o no puede ver o aceptar.
B95: 93 | C95: 9 | L95: =+AFIRMACIONES!B122 -> 0 | M95: 192 | N95: 2 | P95: =+AFIRMACIONES!B221 -> 0 | X95: =+G179 -> 0 | Y95: =+IF(X95<0, 1,) -> 0 | Z95: 6 | AA95: Libertad - Revisar obligaciones o compromisos que se ha creado.
B96: 94 | C96: 6 | I96: =+AFIRMACIONES!B123 -> 0 | M96: 193 | N96: 7 | U96: =+AFIRMACIONES!B222 -> 0 | X96: =+H179 -> 0 | Y96: =+IF(X96<0, 1,) -> 0 | Z96: 7 | AA96: Disfrutar - Relejarse de exceso de responsabilidades y control.
B97: 95 | C97: 8 | K97: =+AFIRMACIONES!B124 -> 0 | M97: 194 | N97: 3 | Q97: =+AFIRMACIONES!B223 -> 0 | X97: =+I179 -> 0 | Y97: =+IF(X97<0, 1,) -> 0 | Z97: 8 | AA97: Una decisión - Poner límites - Considerar las consecuencias.
B98: 96 | C98: 3 | F98: =+AFIRMACIONES!B125 -> 0 | M98: 195 | N98: 9 | W98: =+AFIRMACIONES!B224 -> 0 | X98: =+J179 -> 0 | Y98: =+IF(X98<0, 1,) -> 0 | Z98: 9 | AA98: Parar - Delegar - Salir de la adicción a la actividad.
B99: 97 | C99: 1 | D99: =+AFIRMACIONES!B126 -> 0 | M99: 196 | N99: 4 | R99: =+AFIRMACIONES!B225 -> 0
B100: 98 | C100: 2 | E100: =+AFIRMACIONES!B127 -> 0 | M100: 197 | N100: 1 | O100: =+AFIRMACIONES!B226 -> 0
...

Sheet ENEGRAMA ANTERIOR
AN1: CICLO | AO1: ETAPA | AP1: MIEDO | AR1: ACTITUD | AT1: ELEMENTO | AV1: NIVEL CONCIENTE | AX1: SENTIDO
AJ2: =+IF(AND($K$112>=AL2,$K$112<=AM2),1,0) -> 0 | AK2: 1 | AL2: 1 | AM2: 6 | AN2: Afirmación | AO2: De O a 7 Años | AP2: A la DISTANCIA, al abandono. Lo agrava la muerte de un ser querido o una mascota o la separación de los padres. | AR2: PRESENCIA, estar presente con el corazón. Presencia cualitativa y cuantitativa. Acompañarlo. Necesita la figura materna y paterna. | AT2: El AGUA, disuelve el miedo. Recuerda al líquido amniótico. Es sanante. | AV2: YO. Afianzar el yo personal. Poner límites claros y precisos sin mayores explicaciones. Sólo en esta etapa funciona el "premio - castigo". | AX2: GUSTO. Es importante variar su alimentación para que sepa que existe lo dulce, lo salado y lo amargo. Aprende que no todo lo que le gusta es nutritivo.
AJ3: =+IF(AND($K$112>=AL3,$K$112<=AM3),1,0) -> 0 | AK3: 2 | AL3: 7 | AM3: 13 | AN3: Afirmación | AO3: De 7 a 14 Años | AP3: A la CERCANÍA, a LOS OTROS, a que nadie lo quiera, no agradarle al otro, al rechazo o a que le hagan mal. | AR3: AUTONOMÍA, ayudarlo a que enfrente las situaciones por sí mismo y decidan. Estar cerca y acompañarlo. Darle explicaciones. "La norma se apoya en un valor" | AT3: El FUEGO. Inconscientemente el jugar con fuego ayuda a disolver el miedo (campamentos fogones) | AV3: SOCIAL. Dignidad: Palabra sagrada. Evitar la burla. Nace la verdadera solidaridad que disuelve el miedo al otro. Enseñarle a valorarse y el valor del otro. | AX3: VISTA. Enseñar a ver más allá, a través de un microscopio, un telescopio o acostarse en el pasto y mirar el cielo. Ver juntos videos o películas y comentarlas.
AJ4: =+IF(AND($K$112>=AL4,$K$112<=AM4),1,0) -> 0 | AK4: 3 | AL4: 14 | AM4: 20 | AN4: Afirmación | AO4: De 14 a 21 Años | AP4: Al CAMBIO. Todo cambia en la vida. Se constituye como persona. Necesita tomar distancia. Se produce el proceso hormonal de la adolescencia. | AR4: SEGURIDAD. Dejarlo actuar, pero estar cuando lo necesite. Ser un referente o "faro". Que sepa que "puede contar con uno". Mostrarle coherencia y consistencia. | AT4: El AIRE. Incentivar la vida al aire libre. Trabajar la respiración. Ir de campamento, correr, andar en bicicleta. | AV4: EXISTENCIAL. Etapa de preguntas sobre la vida y la muerte, aprender a ser crítico, a cuestionarse. Flexibilizar las normas y mantener firmes los valores. | AX4: TACTO. La música y el arte lo preparan para el amor. Hacer trabajos manuales, artesanías, sentir las cosas para lograr sensibilidad. Tocar un instrumento
AJ5: =+IF(AND($K$112>=AL5,$K$112<=AM5),1,0) -> 0 | AK5: 4 | AL5: 21 | AM5: 27 | AN5: Afirmación | AO5: De 21 a 28 Años | AP5: A la CONTINUIDAD, a perder la libertad, a la rutina. Le cuesta asumir compromisos. La rutina está dentro de cada uno. | AR5: CREATIVIDAD. Lograr una actitud distinta hacia lo cotidiano, que sea placentero. Hacer extraordinario lo ordinario de cada día | AT5: La TIERRA enseña que no todo en la vida es invierno o verano, también existe la primavera y el otoño, la rutina no existe, son ciclos naturales. | AV5: TRANSPERSONAL. Etapa de los ¿para qué?. Encontrar el verdadero sentido de la vida. Buscar la misión de vida. ¿Para qué estoy? ¿A dónde voy? | AX5: OLFATO. Relacionado con la glándula pineal. Tiene que ver con el sentido común. Actualmente es el sentido menos desarrollado.
AJ6: =+IF(AND($K$112>=AL6,$K$112<=AM6),1,0) -> 0 | AK6: 5 | AL6: 28 | AM6: 41 | AN6: Afirmación | AO6: De 28 a 35 y de 35 a 42 Años | AP6: A PERDER la figura, la pareja, la virilidad, el dinero, la vida, lo que me gusta hacer. Miedo a perder el tiempo y la juventud. | AR6: SER. El tener compulsivamente disminuye solo momentáneamente el miedo a perder. Poner tiempo y energía para el ser, crecimiento interior. | AT6: La LUZ. Contacto con el sol para aprender a sentir la luz. Tiempo para tener claridad, para la soledad, no aislamiento, sino encontrarse con sí mismo. | AV6: UNIDAD. Conciencia comunitaria. Pensar en plural: "no soy, somos", "no es mío, es nuestro". Estar en armonía y agradecer y sonreír a la vida. | AX6: OÍDO. Escuchar el doble de lo que se habla. Aprender a escuchar y a escucharse. Prestar atención a lo sagrado en uno. Estar a la escucha.
AJ7: =+IF(AND($K$112>=AL7,$K$112<=AM7),1,0) -> 0 | AK7: 6 | AL7: 42 | AM7: 48 | AN7: Transformación | AO7: De 42 a 49 Años | AP7: A la CONTINUIDAD, a la rutina. TENER: Aferrarse a los bienes y sólo tomarse recreos placenteros. Es necesario consolidar el SER. | AR7: CREATIVIDAD. Lograr una actitud distinta hacia lo cotidiano, hacer extraordinario lo ordinario. SER: Expansión de la persona | AT7: La TIERRA: energía de vida y de creación. Tomar contacto con la tierra, caminar, atender el jardín, regar. | AV7: TRANSPERSONAL. No encerrarse en la preocupaciones inmediatas. Focalizarse en el Ideal de Vida | AX7: OLFATO. Actuar con sentido común. Desarrolla el hemisferio derecho del cerebro. Disfrutar las esencias y sabiduría oculta en los aromas.
AJ8: =+IF(AND($K$112>=AL8,$K$112<=AM8),1,0) -> 0 | AK8: 7 | AL8: 49 | AM8: 55 | AN8: Transformación | AO8: De 49 a 56 Años | AP8: Al CAMBIO, temor por los cambios físicos que comienzan: andropausia, menopausia. Nido vacío lleva al reencuentro de la pareja. La experiencia ayuda a ser guías. | AR8: SEGURIDAD, el tener da seguridad afuera: en lo material, el éxito; acción dirigida al trabajo para llenar vacíos. Pero el SER da seguridad en la plenitud personal. Amistad. | AT8: El AIRE, incentivar la vida al aire libre. Vivir sin fronteras, liberarse de las emociones. | AV8: EXISTENCIAL. El tener lleva a caer en la crítica, el pesimismo. El SER implica momento de cambios auténticos. Persona positiva que colabora y participa por el bien. | AX8: TACTO. Momento de sacar a la luz hobbies latentes. Masajes. Abrazos. Redescubrir el amor en la pareja.
AJ9: =+IF(AND($K$112>=AL9,$K$112<=AM9),1,0) -> 0 | AK9: 8 | AL9: 56 | AM9: 62 | AN9: Transformación | AO9: De 56 a 63 Años | AP9: A la CERCANÍA A LOS OTROS, a robos, a sufrir violencia. Lleva a la persona a encerrase, no salir. Miedo a lo que puede pasar a los hijos y nietos. | AR9: AUTONOMÍA. No dejar de tomar recaudos, pero abrirse a la vida. Participar del "bien común" | AT9: El FUEGO le aporta vitalidad renovadora. El asado, lo culinario, cocinar para los demás con amor. | AV9: SOCIAL. Servicio social a través de lo experimentado. Solidaridad y participación. No caer en la amargura y la desesperanza | AX9: VISTA. Ejercitar la capacidad de asombro. Aprender cosas nuevas. Ser visionarios.
AJ10: =+IF(AND($K$112>=AL10,$K$112<=AM10),1,0) -> 0 | AK10: 9 | AL10: 63 | AM10: 69 | AN10: Transformación | AO10: De 63 a 70 Años | AP10: A la DISTANCIA, a sentirse inútil, sensación de abandono. Reclama presencia, tiempo y energía. | AR10: PRESENCIA. Acompañamiento, presencia y servicio no invasivos, no tóxicos. Sabiduría en límites sanos. | AT10: El AGUA disuelve el miedo. Es sanante. Alarma de problemas psicológicos si hay rechazo a la higiene. | AV10: YO. Si se afirma el ego = Tóxico, si se afirma la conciencia = Sabio. Autoestima sana. | AX10: GUSTO. Saborear = sabiduría. Cuidarse y comer bien. En sombra hipocondríacos.
AJ11: =+IF(AND($K$112>=AL11,$K$112<=AM11),1,0) -> 0 | AK11: 10 | AL11: 70 | AM11: 90 | AN11: Transformación | AO11: De 70 en adelante | AP11: A PERDER, a la muerte. La muerte como final o como paso a la trascendencia. | AR11: SER. Momento de confirmar las decisiones fundamentales de la vida. Durar o madurar. Servir. | AT11: La LUZ, tomar contacto con el sol. Los ojos son las ventanas del alma. Ser faros que iluminan. (una cosa es querer brillar y otra ser luz). | AV11: UNIDAD. La casa de los abuelos es el corazón de la familia. Tener gratitud y alegría. | AX11: OÍDO. Ser expertos en el arte de escuchar. En la sombra hablar de sí, criticar y dar consejos que no le piden.
AI79: Total
AI80: Afirmaciones
AI81: Respondidas
X82: Totales | Z82: =+G108 -> 0 | AA82: =+H108 -> 0 | AB82: =+I108 -> 0 | AC82: =+J108 -> 0 | AD82: =+K108 -> 0 | AE82: =+L108 -> 0 | AF82: =+M108 -> 0 | AG82: =+N108 -> 0 | AH82: =+O108 -> 0 | AI82: =SUM(Z82:AH82) -> 0
Z84: Parámetro para cálculo de eje de equilibrio: si la media es hasta 13, hay eje con diferencia en extremos de hasta 2 puntos, si la media es mayor que 13, hay eje con diferencia en extremos de hasta 3 puntos. | AG84: =IF(H176<=13,2,3) -> 2
X90: =+B183 -> 0 | Y90: =+IF(X90<0, 1,) -> 0 | Z90: 1 | AA90: Libertad - Salir de estructuras o situaciones que asfixian.
X91: =+C183 -> 0 | Y91: =+IF(X91<0, 1,) -> 0 | Z91: 2 | AA91: Abrirse afectivamente, a la vincularidad - Amar.
X92: =+D183 -> 0 | Y92: =+IF(X92<0, 1,) -> 0 | Z92: 3 | AA92: Hacer lo que se debe para lograr el desarrollo personal.
X93: =+E183 -> 0 | Y93: =+IF(X93<0, 1,) -> 0 | Z93: 4 | AA93: Introspección - Mirar lo que no le gusta o no puede cambiar de si.
X94: =+F183 -> 0 | Y94: =+IF(X94<0, 1,) -> 0 | Z94: 5 | AA94: Ver la realidad, lo que no quiere o no puede ver o aceptar.
X95: =+G183 -> 0 | Y95: =+IF(X95<0, 1,) -> 0 | Z95: 6 | AA95: Libertad - Revisar obligaciones o compromisos que se ha creado.
X96: =+H183 -> 0 | Y96: =+IF(X96<0, 1,) -> 0 | Z96: 7 | AA96: Disfrutar - Relejarse de exceso de responsabilidades y control.
X97: =+I183 -> 0 | Y97: =+IF(X97<0, 1,) -> 0 | Z97: 8 | AA97: Una decisión - Poner límites - Considerar las consecuencias.
X98: =+J183 -> 0 | Y98: =+IF(X98<0, 1,) -> 0 | Z98: 9 | AA98: Parar - Delegar - Salir de la adicción a la actividad.
B104: Si dispones de un Eneagrama anterior y deseas compararlo con tu nuevo Eneagrama,
K105: introduce aquí el valor de los Atributos que tenía ese Eneagrama anterior:
G106: VALOR DE LOS ATRIBUTOS:
G107: 1 | H107: 2 | I107: 3 | J107: 4 | K107: 5 | L107: 6 | M107: 7 | N107: 8 | O107: 9
B109: Introduce en el siguiente recuadro la fecha en que hiciste tu Eneagrama anterior con formato dd/mm/aaaa:
B111: Introduce en el siguiente recuadro tu edad al momento de realizar tu Eneagrama anterior (sólo el número):
K114: Completados estos datos, verifica si a continuación aparece tu nombre, si no tipéalo y luego imprime esta hoja con tu Eneagrama anterior.
B115: ENEAGRAMA DE :
Q116: FECHA del ENEAGRAMA: | R116: =+M172 -> 0
B118: Importante: El ENEAGRAMA no es un test de personalidad, no siempre el valor más alto de los Atributos corresponde a la Esencia de la persona
O119: Versión
B120: MEDIA: | D120: =(MAX($B$174:$J$174)+MIN($B$174:$J$174))/2 -> 0
K134: =+J174 -> 0
E140: =+I174 -> 0 | Q140: =+B174 -> 0
E148: =+H174 -> 0 | Q148: =+C174 -> 0
E158: =+G174 -> 0 | Q158: =+D174 -> 0
I168: =+F174 -> 0 | M168: =+E174 -> 0
B171: ENEAGRAMA DE : | F171: =+F115 -> 0
B172: VALOR DE LOS ATRIBUTOS: | L172: FECHA: | M172: =+J110 -> 0 | O172: EDAD: | P172: =+K112 -> 0 | Q172: NACIMIENTO: | S172: =+AFIRMACIONES!C5 -> 0
B173: 1 | C173: 2 | D173: 3 | E173: 4 | F173: 5 | G173: 6 | H173: 7 | I173: 8 | J173: 9 | O173: SEXO: | P173: =+AFIRMACIONES!C7 -> 0
B174: =+G108 -> 0 | C174: =+H108 -> 0 | D174: =+I108 -> 0 | E174: =+J108 -> 0 | F174: =+K108 -> 0 | G174: =+L108 -> 0 | H174: =+M108 -> 0 | I174: =+N108 -> 0 | J174: =+O108 -> 0 | O174: ESTADO CIVIL: | P174: =+AFIRMACIONES!C8 -> 0
B175: Respuestas: | D175: =SUM(B174:J174)/261 -> 0 | E175: =IF(D175<0.2,"NO SE PUEDE HACER EL ANÁLISIS",IF(D175>0.3,"NO TIENES PROBLEMAS EN MOSTRARTE","TE CUESTA MOSTRARTE")) -> NO SE PUEDE HACER EL ANÁLISIS | O175: PROFESIÓN: | P175: =+AFIRMACIONES!C9 -> 0
F176: MEDIA: | H176: =(MAX($B$174:$J$174)+MIN($B$174:$J$174))/2 -> 0 | O176: SIGNO ASTROLÓGICO: | P176: =+VLOOKUP(1,AFIRMACIONES!$C$10:$D$21,2,FALSE) -> #N/A | S176: =+VLOOKUP(1,AFIRMACIONES!$N$10:$O$21,2,FALSE) -> #N/A
B177: Cantidad de Atributos SOBRE la Media: | H177: =COUNTIF(B174:J174,">"&H176) -> 0
B178: Cantidad de Atributos IGUALES a la Media: | H178: =COUNTIF(B174:J174,"="&H176) -> 9
B179: Cantidad de Atributos BAJO la Media: | H179: =COUNTIF(B174:J174,"<"&H176) -> 0 | L179: ENEAGRAMA ANTERIOR
B180: DISPERSIÓN DE LOS ATRIBUTOS RESPECTO DE LA MEDIA:
B181: 1 | C181: 2 | D181: 3 | E181: 4 | F181: 5 | G181: 6 | H181: 7 | I181: 8 | J181: 9
B182: =+IF(B174=$H$176,"Igual",IF(B174<$H$176,"Bajo","Sobre")) -> Igual | C182: =+IF(C174=$H$176,"Igual",IF(C174<$H$176,"Bajo","Sobre")) -> Igual | D182: =+IF(D174=$H$176,"Igual",IF(D174<$H$176,"Bajo","Sobre")) -> Igual | E182: =+IF(E174=$H$176,"Igual",IF(E174<$H$176,"Bajo","Sobre")) -> Igual | F182: =+IF(F174=$H$176,"Igual",IF(F174<$H$176,"Bajo","Sobre")) -> Igual | G182: =+IF(G174=$H$176,"Igual",IF(G174<$H$176,"Bajo","Sobre")) -> Igual | H182: =+IF(H174=$H$176,"Igual",IF(H174<$H$176,"Bajo","Sobre")) -> Igual | I182: =+IF(I174=$H$176,"Igual",IF(I174<$H$176,"Bajo","Sobre")) -> Igual | J182: =+IF(J174=$H$176,"Igual",IF(J174<$H$176,"Bajo","Sobre")) -> Igual
B183: =+B174-$H$176 -> 0 | C183: =+C174-$H$176 -> 0 | D183: =+D174-$H$176 -> 0 | E183: =+E174-$H$176 -> 0 | F183: =+F174-$H$176 -> 0 | G183: =+G174-$H$176 -> 0 | H183: =+H174-$H$176 -> 0 | I183: =+I174-$H$176 -> 0 | J183: =+J174-$H$176 -> 0
B184: Amplitud de la Media: | E184: =MAX(B174:J174)-MIN(B174:J174) -> 0
L190: EJES DE EQUILIBRIO:
L191: 4 | M191: 5 | N191: 3 | O191: 6 | P191: 2 | Q191: 7 | R191: 1 | S191: 8 | T191: 9
L192: =+E174 -> 0 | M192: =+F174 -> 0 | N192: =+D174 -> 0 | O192: =+G174 -> 0 | P192: =+C174 -> 0 | Q192: =+H174 -> 0 | R192: =+B174 -> 0 | S192: =+I174 -> 0 | T192: =+J174 -> 0
L193: Ser | N193: Tener | P193: Comunicar | R193: Hacer | T193: Estar
L194: =+IF(AND((L192-M192)<=$AG$84,(L192-M192)>=-$AG$84),"EJE","NO") -> EJE | N194: =+IF(AND((N192-O192)<=$AG$84,(N192-O192)>=-$AG$84),"EJE","NO") -> EJE | P194: =+IF(AND((P192-Q192)<=$AG$84,(P192-Q192)>=-$AG$84),"EJE","NO") -> EJE | R194: =+IF(AND((R192-S192)<=$AG$84,(R192-S192)>=-$AG$84),"EJE","NO") -> EJE | T194: EJE
B195: EJES DE POLARIDAD: | L195: =IF(L194="EJE",(+IF(AND((L192-$H$176)>=0,(M192-$H$176)>=0,((L192-$H$176)+(M192-$H$176))>0),"SOBRE LA MEDIA",(IF(AND((L192-$H$176)<=0,(M192-$H$176)<=0,((L192-$H$176)+(M192-$H$176))<0),"BAJO LA MEDIA","EN LA MEDIA")))),"HAY EJE") -> EN LA MEDIA | N195: =IF(N194="EJE",(+IF(AND((N192-$H$176)>=0,(O192-$H$176)>=0,((N192-$H$176)+(O192-$H$176))>0),"SOBRE LA MEDIA",(IF(AND((N192-$H$176)<=0,(O192-$H$176)<=0,((N192-$H$176)+(O192-$H$176))<0),"BAJO LA MEDIA","EN LA MEDIA")))),"HAY EJE") -> EN LA MEDIA | P195: =IF(P194="EJE",(+IF(AND((P192-$H$176)>=0,(Q192-$H$176)>=0,((P192-$H$176)+(Q192-$H$176))>0),"SOBRE LA MEDIA",(IF(AND((P192-$H$176)<=0,(Q192-$H$176)<=0,((P192-$H$176)+(Q192-$H$176))<0),"BAJO LA MEDIA","EN LA MEDIA")))),"HAY EJE") -> EN LA MEDIA | R195: =IF(R194="EJE",(+IF(AND((R192-$H$176)>=0,(S192-$H$176)>=0,((R192-$H$176)+(S192-$H$176))>0),"SOBRE LA MEDIA",(IF(AND((R192-$H$176)<=0,(S192-$H$176)<=0,((R192-$H$176)+(S192-$H$176))<0),"BAJO LA MEDIA","EN LA MEDIA")))),"HAY EJE") -> EN LA MEDIA | T195: =IF(T192<$H$176,"BAJO","ALTO") -> ALTO
B196: 1 | C196: 5 | D196: 2 | E196: 6 | F196: 3 | G196: 7 | H196: 4 | I196: 8 | J196: 9 | L196: Si el valor de la media es hasta 13, existe Eje de Equilibrio cuando la diferencia entre los extremos es de hasta 2 puntos, si el valor de la media es mayor a 13, existe Eje de Equilibrio cuando la diferencia entre los extremos es de hasta 3 puntos.
B197: =+B174 -> 0 | C197: =+F174 -> 0 | D197: =+C174 -> 0 | E197: =+G174 -> 0 | F197: =+D174 -> 0 | G197: =+H174 -> 0 | H197: =+E174 -> 0 | I197: =+I174 -> 0 | J197: =+J174 -> 0
B198: =(+B174+F174)/2 -> 0 | D198: =(+C174+G174)/2 -> 0 | F198: =(+D174+H174)/2 -> 0 | H198: =(+E174+I174)/2 -> 0
B199: Orden - Aire | D199: Relación - Agua | F199: Imagen - Tierra | H199: Fuerza -Fuego | J199: Luz
B200: =IF(B198=MIN($B$198:$I$198),"Eje más bajo",IF(B198=MAX($B198:$I198),"Eje más alto","Eje")) -> Eje más bajo | D200: =IF(D198=MIN($B$198:$I$198),"Eje más bajo",IF(D198=MAX($B198:$I198),"Eje más alto","Eje")) -> Eje más bajo | F200: =IF(F198=MIN($B$198:$I$198),"Eje más bajo",IF(F198=MAX($B198:$I198),"Eje más alto","Eje")) -> Eje más bajo | H200: =IF(H198=MIN($B$198:$I$198),"Eje más bajo",IF(H198=MAX($B198:$I198),"Eje más alto","Eje")) -> Eje más bajo | J200: =IF(J174>H176,"Sobre Media","Bajo Media") -> Bajo Media
B201: =IF(B198>$H$176,"Sobre Media","Bajo Media") -> Bajo Media | D201: =IF(D198>$H$176,"Sobre Media","Bajo Media") -> Bajo Media | F201: =IF(F198>$H$176,"Sobre Media","Bajo Media") -> Bajo Media | H201: =IF(H198>$H$176,"Sobre Media","Bajo Media") -> Bajo Media | Q201: EN LA PERSONALIDAD:
B202: Máximo valor de los ejes: | E202: =MAX(B198:I198) -> 0 | Q202: Pensamiento
B203: Mínimo valor de los ejes: | E203: =MIN(B198:I198) -> 0 | Q203: Atributo | R203: Inductivo
B204: Diferencia: | E204: =+E202-E203 -> 0 | F204: =+IF(E204<=3.5,"Trabajar un poco",IF(E204>7,"Trabajar mucho","Trabajo moderado")) -> Trabajar un poco | Q204: 2 | R204: =+C174 -> 0 | S204: Total | T204: =SUM(R204:R206) -> 0
B205: POLARIDAD EN LA PERSONALIDAD: | Q205: 3 | R205: =+D174 -> 0 | S205: Porcentaje | T205: =+T204/$AI$82 -> #DIV/0!
B206: Atributo | C206: Activo (+) | F206: Atributo | G206: Receptivo (-) | J206: Atributo | K206: Neutro (-) | Q206: 4 | R206: =+E174 -> 0 | S206: Posición | T206: =IF(T205=MIN($T$205,$T$209,$T$213),"MENOR",IF(T205=MAX($T$205,$T$209,$T$213),"MAYOR","MEDIO")) -> #DIV/0!
B207: 1 | C207: =+B174 -> 0 | D207: Total | E207: =SUM(C207:C210) -> 0 | F207: 4 | G207: =+E174 -> 0 | H207: Total | I207: =SUM(G207:G210) -> 0 | Q207: Atributo | R207: Deductivo
B208: 2 | C208: =+C174 -> 0 | D208: Promedio | E208: =+E207/4 -> 0 | F208: 5 | G208: =+F174 -> 0 | H208: Promedio | I208: =+I207/4 -> 0 | J208: 9 | K208: Valor | L208: =+J174 -> 0 | Q208: 5 | R208: =+F174 -> 0 | S208: Total | T208: =SUM(R208:R210) -> 0
B209: 3 | C209: =+D174 -> 0 | D209: Porcentaje | E209: =+E208/(+$E$208+$I$208+$L$208) -> #DIV/0! | F209: 6 | G209: =+G174 -> 0 | H209: Porcentaje | I209: =+I208/(+$E$208+$I$208+$L$208) -> #DIV/0! | K209: Porcentaje | L209: =+L208/(+$E$208+$I$208+$L$208) -> #DIV/0! | Q209: 6 | R209: =+G174 -> 0 | S209: Porcentaje | T209: =+T208/$AI$82 -> #DIV/0!
B210: 8 | C210: =+I174 -> 0 | D210: Posición | E210: =IF(E208=MIN($E$208,$I$208,$L$208),"MENOR",IF(E208=MAX($E$208,$I$208,$L$208),"MAYOR","MEDIO")) -> MENOR | F210: 7 | G210: =+H174 -> 0 | H210: Posición | I210: =IF(I208=MIN($E$208,$I$208,$L$208),"MENOR",IF(I208=MAX($E$208,$I$208,$L$208),"MAYOR","MEDIO")) -> MENOR | K210: Posición | L210: =IF(L208=MIN($E$208,$I$208,$L$208),"MENOR",IF(L208=MAX($E$208,$I$208,$L$208),"MAYOR","MEDIO")) -> MENOR | Q210: 7 | R210: =+H174 -> 0 | S210: Posición | T210: =IF(T209=MIN($T$205,$T$209,$T$213),"MENOR",IF(T209=MAX($T$205,$T$209,$T$213),"MAYOR","MEDIO")) -> #DIV/0!
Q211: Atributo | R211: Analógico
B212: ANÁLISIS DE LA PERSONALIDAD POR TRÍADAS: | Q212: 8 | R212: =+I174 -> 0 | S212: Total | T212: =SUM(R212:R214) -> 0
B213: Operatividad | Q213: 9 | R213: =+J174 -> 0 | S213: Porcentaje | T213: =+T212/$AI$82 -> #DIV/0!
B214: Tipo de expresión | D214: Área de la Acción: | G214: Área de la Sensibilidad: | J214: Área del Pensamiento: | M214: Expresión de la Personalidad actual | Q214: 1 | R214: =+B174 -> 0 | S214: Posición | T214: =IF(T213=MIN($T$205,$T$209,$T$213),"MENOR",IF(T213=MAX($T$205,$T$209,$T$213),"MAYOR","MEDIO")) -> #DIV/0!
D215: Atributo | E215: Valor | F215: Posición | G215: Atributo | H215: Valor | I215: Posición | J215: Atributo | K215: Valor | L215: Posición | Q215: Inteligencia
B216: Manifiesto: | D216: 8 | E216: =+I174 -> 0 | F216: =IF(E216=MIN($E$216:$E$218),"Menor",IF(E216=MAX($E$216:$E$218),"Mayor","Medio")) -> Menor | G216: 2 | H216: =+C174 -> 0 | I216: =IF(H216=MIN($H$216:$H$218),"Menor",IF(H216=MAX($H$216:$H$218),"Mayor","Medio")) -> Menor | J216: 5 | K216: =+F174 -> 0 | L216: =IF(K216=MIN($K$216:$K$218),"Menor",IF(K216=MAX($K$216:$K$218),"Mayor","Medio")) -> Menor | M216: =+E216+H216+K216 -> 0 | N216: =+M216/$AI$82 -> #DIV/0! | O216: =IF(N216=MIN($N$216:$N$218),"MENOR",IF(N216=MAX($N$216:$N$218),"MAYOR","MEDIO")) -> #DIV/0! | Q216: Atributo | R216: Práctica:
B217: Oculto: | D217: 9 | E217: =+J174 -> 0 | F217: =IF(E217=MIN($E$216:$E$218),"Menor",IF(E217=MAX($E$216:$E$218),"Mayor","Medio")) -> Menor | G217: 3 | H217: =+D174 -> 0 | I217: =IF(H217=MIN($H$216:$H$218),"Menor",IF(H217=MAX($H$216:$H$218),"Mayor","Medio")) -> Menor | J217: 6 | K217: =+G174 -> 0 | L217: =IF(K217=MIN($K$216:$K$218),"Menor",IF(K217=MAX($K$216:$K$218),"Mayor","Medio")) -> Menor | M217: =+E217+H217+K217 -> 0 | N217: =+M217/$AI$82 -> #DIV/0! | O217: =IF(N217=MIN($N$216:$N$218),"MENOR",IF(N217=MAX($N$216:$N$218),"MAYOR","MEDIO")) -> #DIV/0! | Q217: 1 | R217: =+B174 -> 0 | S217: Total | T217: =SUM(R217:R219) -> 0
B218: Diversificado: | D218: 1 | E218: =+B174 -> 0 | F218: =IF(E218=MIN($E$216:$E$218),"Menor",IF(E218=MAX($E$216:$E$218),"Mayor","Medio")) -> Menor | G218: 4 | H218: =+E174 -> 0 | I218: =IF(H218=MIN($H$216:$H$218),"Menor",IF(H218=MAX($H$216:$H$218),"Mayor","Medio")) -> Menor | J218: 7 | K218: =+H174 -> 0 | L218: =IF(K218=MIN($K$216:$K$218),"Menor",IF(K218=MAX($K$216:$K$218),"Mayor","Medio")) -> Menor | M218: =+E218+H218+K218 -> 0 | N218: =+M218/$AI$82 -> #DIV/0! | O218: =IF(N218=MIN($N$216:$N$218),"MENOR",IF(N218=MAX($N$216:$N$218),"MAYOR","MEDIO")) -> #DIV/0! | Q218: 3 | R218: =+D174 -> 0 | S218: Porcentaje | T218: =+T217/$AI$82 -> #DIV/0!
D219: Total | E219: =SUM(E216:E218) -> 0 | G219: Total | H219: =SUM(H216:H218) -> 0 | J219: Total | K219: =SUM(K216:K218) -> 0 | Q219: 7 | R219: =+H174 -> 0 | S219: Posición | T219: =IF(T218=MIN($T$218,$T$222,$T$226),"MENOR",IF(T218=MAX($T$218,$T$222,$T$226),"MAYOR","MEDIO")) -> #DIV/0!
D220: Porcentaje | E220: =+E219/$AI$82 -> #DIV/0! | G220: Porcentaje | H220: =+H219/$AI$82 -> #DIV/0! | J220: Porcentaje | K220: =+K219/$AI$82 -> #DIV/0! | Q220: Atributo | R220: Analítica:
D221: Posición | E221: =IF(E220=MIN($E$220,$H$220,$K$220),"MENOR",IF(E220=MAX($E$220,$H$220,$K$220),"MAYOR","MEDIO")) -> #DIV/0! | G221: Posición | H221: =IF(H220=MIN($E$220,$H$220,$K$220),"MENOR",IF(H220=MAX($E$220,$H$220,$K$220),"MAYOR","MEDIO")) -> #DIV/0! | J221: Posición | K221: =IF(K220=MIN($E$220,$H$220,$K$220),"MENOR",IF(K220=MAX($E$220,$H$220,$K$220),"MAYOR","MEDIO")) -> #DIV/0! | Q221: 2 | R221: =+C174 -> 0 | S221: Total | T221: =SUM(R221:R223) -> 0
C222: Vincularidad | G222: Solución Conflictos Internos | K222: Reacción ante Problemas | Q222: 5 | R222: =+F174 -> 0 | S222: Porcentaje | T222: =+T221/$AI$82 -> #DIV/0!
C223: Atributo | D223: Enfrentar: | G223: Atributo | H223: Combativos | K223: Atributo | L223: Reactivos | Q223: 9 | R223: =+J174 -> 0 | S223: Posición | T223: =IF(T222=MIN($T$218,$T$222,$T$226),"MENOR",IF(T222=MAX($T$218,$T$222,$T$226),"MAYOR","MEDIO")) -> #DIV/0!
C224: 1 | D224: =+B174 -> 0 | E224: Total | F224: =SUM(D224:D226) -> 0 | G224: 3 | H224: =+D174 -> 0 | I224: Total | J224: =SUM(H224:H226) -> 0 | K224: 6 | L224: =+G174 -> 0 | M224: Total | N224: =SUM(L224:L226) -> 0 | Q224: Atributo | R224: Emocional:
C225: 3 | D225: =+D174 -> 0 | E225: Porcentaje | F225: =+F224/$AI$82 -> #DIV/0! | G225: 7 | H225: =+H174 -> 0 | I225: Porcentaje | J225: =+J224/$AI$82 -> #DIV/0! | K225: 4 | L225: =+E174 -> 0 | M225: Porcentaje | N225: =+N224/$AI$82 -> #DIV/0! | Q225: 4 | R225: =+E174 -> 0 | S225: Total | T225: =SUM(R225:R227) -> 0
C226: 8 | D226: =+I174 -> 0 | E226: Posición | F226: =IF(F225=MIN($F$233,$F$229,$F$225),"MENOR",IF(F225=MAX($F$233,$F$229,$F$225),"MAYOR","MEDIO")) -> #DIV/0! | G226: 8 | H226: =+I174 -> 0 | I226: Posición | J226: =IF(J225=MIN($J$225,$J$229,$J$233),"MENOR",IF(J225=MAX($J$225,$J$229,$J$233),"MAYOR","MEDIO")) -> #DIV/0! | K226: 8 | L226: =+I174 -> 0 | M226: Posición | N226: =IF(N225=MIN($N$225,$N$229,$N$233),"MENOR",IF(N225=MAX($N$225,$N$229,$N$233),"MAYOR","MEDIO")) -> #DIV/0! | Q226: 6 | R226: =+G174 -> 0 | S226: Porcentaje | T226: =+T225/$AI$82 -> #DIV/0!
C227: Atributo | D227: Acercar: | G227: Atributo | H227: Sumisos | K227: Atributo | L227: Eficaces | Q227: 8 | R227: =+I174 -> 0 | S227: Posición | T227: =IF(T226=MIN($T$218,$T$222,$T$226),"MENOR",IF(T226=MAX($T$218,$T$222,$T$226),"MAYOR","MEDIO")) -> #DIV/0!
C228: 2 | D228: =+C174 -> 0 | E228: Total | F228: =SUM(D228:D230) -> 0 | G228: 1 | H228: =+B174 -> 0 | I228: Total | J228: =SUM(H228:H230) -> 0 | K228: 3 | L228: =+D174 -> 0 | M228: Total | N228: =SUM(L228:L230) -> 0
C229: 6 | D229: =+G174 -> 0 | E229: Porcentaje | F229: =+F228/$AI$82 -> #DIV/0! | G229: 2 | H229: =+C174 -> 0 | I229: Porcentaje | J229: =+J228/$AI$82 -> #DIV/0! | K229: 1 | L229: =+B174 -> 0 | M229: Porcentaje | N229: =+N228/$AI$82 -> #DIV/0! | P229: CIRCUNSTANCIALES:
C230: 7 | D230: =+H174 -> 0 | E230: Posición | F230: =IF(F229=MIN($F$233,$F$229,$F$225),"MENOR",IF(F229=MAX($F$233,$F$229,$F$225),"MAYOR","MEDIO")) -> #DIV/0! | G230: 6 | H230: =+G174 -> 0 | I230: Posición | J230: =IF(J229=MIN($J$225,$J$229,$J$233),"MENOR",IF(J229=MAX($J$225,$J$229,$J$233),"MAYOR","MEDIO")) -> #DIV/0! | K230: 5 | L230: =+F174 -> 0 | M230: Posición | N230: =IF(N229=MIN($N$225,$N$229,$N$233),"MENOR",IF(N229=MAX($N$225,$N$229,$N$233),"MAYOR","MEDIO")) -> #DIV/0! | P230: 1 | Q230: =IF(Y90=1,AA90,"No") -> No
C231: Atributo | D231: Alejar: | G231: Atributo | H231: Retirados | K231: Atributo | L231: Optimistas | P231: =+B183 -> 0
C232: 4 | D232: =+E174 -> 0 | E232: Total | F232: =SUM(D232:D234) -> 0 | G232: 4 | H232: =+E174 -> 0 | I232: Total | J232: =SUM(H232:H234) -> 0 | K232: 9 | L232: =+J174 -> 0 | M232: Total | N232: =SUM(L232:L234) -> 0 | P232: 2 | Q232: =IF(Y91=1,AA91,"No") -> No
C233: 5 | D233: =+F174 -> 0 | E233: Porcentaje | F233: =+F232/$AI$82 -> #DIV/0! | G233: 5 | H233: =+F174 -> 0 | I233: Porcentaje | J233: =+J232/$AI$82 -> #DIV/0! | K233: 2 | L233: =+C174 -> 0 | M233: Porcentaje | N233: =+N232/$AI$82 -> #DIV/0! | P233: =+C183 -> 0
...
